날짜,두바이 디저트,날짜,아인슈페너,날짜,타르트,날짜,휘낭시에,날짜,티라미수
2023-11-01,0.0107,2023-11-01,1.09456,2023-11-01,1.16641,2023-11-01,1.5226,2023-11-01,0.40281
2023-11-02,0.01452,2023-11-02,1.31776,2023-11-02,1.14501,2023-11-02,1.63802,2023-11-02,0.38294
2023-11-03,0.01299,2023-11-03,1.18781,2023-11-03,1.10603,2023-11-03,1.62732,2023-11-03,0.37071
2023-11-04,0.01222,2023-11-04,1.45075,2023-11-04,0.98908,2023-11-04,1.47674,2023-11-04,0.33861
2023-11-05,0.01146,2023-11-05,1.39419,2023-11-05,1.05558,2023-11-05,1.53866,2023-11-05,0.40969
2023-11-06,0.01987,2023-11-06,0.97685,2023-11-06,1.05405,2023-11-06,1.67624,2023-11-06,0.35313
2023-11-07,0.0191,2023-11-07,1.07163,2023-11-07,1.0594,2023-11-07,1.80313,2023-11-07,0.36001
2023-11-08,0.01375,2023-11-08,1.10603,2023-11-08,1.18705,2023-11-08,1.83982,2023-11-08,0.33249
2023-11-09,0.01758,2023-11-09,1.43088,2023-11-09,1.12437,2023-11-09,2.01485,2023-11-09,0.32791
2023-11-10,0.00993,2023-11-10,1.09685,2023-11-10,1.06628,2023-11-10,2.39856,2023-11-10,0.29657
2023-11-11,0.01146,2023-11-11,1.16871,2023-11-11,1.0036,2023-11-11,2.1876,2023-11-11,0.35925
2023-11-12,0.0084,2023-11-12,1.2031,2023-11-12,1.04411,2023-11-12,1.73816,2023-11-12,0.3516
2023-11-13,0.01834,2023-11-13,0.93022,2023-11-13,1.01965,2023-11-13,2.09053,2023-11-13,0.386
2023-11-14,0.01528,2023-11-14,0.96921,2023-11-14,1.13431,2023-11-14,1.7351,2023-11-14,0.34014
2023-11-15,0.01375,2023-11-15,1.04106,2023-11-15,1.0915,2023-11-15,1.54019,2023-11-15,0.3409
2023-11-16,0.0191,2023-11-16,1.23826,2023-11-16,1.03341,2023-11-16,1.40184,2023-11-16,0.41504
2023-11-17,0.01375,2023-11-17,1.03418,2023-11-17,1.10144,2023-11-17,1.50732,2023-11-17,0.39288
2023-11-18,0.02063,2023-11-18,1.13049,2023-11-18,1.0166,2023-11-18,1.43012,2023-11-18,0.40434
2023-11-19,0.00764,2023-11-19,1.16106,2023-11-19,1.00131,2023-11-19,1.27954,2023-11-19,0.44868
2023-11-20,0.01758,2023-11-20,0.99367,2023-11-20,1.07622,2023-11-20,1.62656,2023-11-20,0.39517
2023-11-21,0.02445,2023-11-21,1.01354,2023-11-21,1.14577,2023-11-21,1.43776,2023-11-21,0.3753
2023-11-22,0.01987,2023-11-22,1.01736,2023-11-22,1.1259,2023-11-22,1.50961,2023-11-22,0.37453
2023-11-23,0.02904,2023-11-23,1.31241,2023-11-23,1.16641,2023-11-23,1.44464,2023-11-23,0.37148
2023-11-24,0.01605,2023-11-24,1.03723,2023-11-24,1.12284,2023-11-24,1.40413,2023-11-24,0.37835
2023-11-25,0.01299,2023-11-25,1.20769,2023-11-25,1.26578,2023-11-25,1.36209,2023-11-25,0.40205
2023-11-26,0.01758,2023-11-26,1.21762,2023-11-26,1.51802,2023-11-26,1.32769,2023-11-26,0.45097
2023-11-27,0.01987,2023-11-27,0.8813,2023-11-27,1.16106,2023-11-27,1.31164,2023-11-27,0.38523
2023-11-28,0.02751,2023-11-28,1.0059,2023-11-28,1.25661,2023-11-28,1.38578,2023-11-28,0.43568
2023-11-29,0.01375,2023-11-29,0.95315,2023-11-29,1.13354,2023-11-29,1.35521,2023-11-29,0.37759
2023-11-30,0.01299,2023-11-30,1.16259,2023-11-30,1.14348,2023-11-30,1.3789,2023-11-30,0.38065
2023-12-01,0.00917,2023-12-01,0.98144,2023-12-01,1.23979,2023-12-01,1.32846,2023-12-01,0.35619
2023-12-02,0.00917,2023-12-02,1.24973,2023-12-02,1.35903,2023-12-02,1.22527,2023-12-02,0.38906
2023-12-03,0.00764,2023-12-03,1.30323,2023-12-03,1.37508,2023-12-03,1.22833,2023-12-03,0.43645
2023-12-04,0.02293,2023-12-04,0.93634,2023-12-04,1.32846,2023-12-04,1.21533,2023-12-04,0.37988
2023-12-05,0.01452,2023-12-05,1.02883,2023-12-05,1.81001,2023-12-05,1.27954,2023-12-05,0.39823
2023-12-06,0.01146,2023-12-06,1.0059,2023-12-06,1.27342,2023-12-06,1.3361,2023-12-06,0.37606
2023-12-07,0.0191,2023-12-07,1.31164,2023-12-07,1.43241,2023-12-07,1.40336,2023-12-07,0.42116
2023-12-08,0.00917,2023-12-08,1.06781,2023-12-08,1.21686,2023-12-08,1.33075,2023-12-08,0.42804
2023-12-09,0.01146,2023-12-09,1.27266,2023-12-09,1.3598,2023-12-09,1.2245,2023-12-09,0.39593
2023-12-10,0.01528,2023-12-10,1.32081,2023-12-10,1.39878,2023-12-10,1.27724,2023-12-10,0.38141
2023-12-11,0.0191,2023-12-11,0.90882,2023-12-11,1.23291,2023-12-11,1.42094,2023-12-11,0.43262
2023-12-12,0.0214,2023-12-12,1.03036,2023-12-12,1.49967,2023-12-12,1.37432,2023-12-12,0.44027
2023-12-13,0.01222,2023-12-13,1.07316,2023-12-13,1.41865,2023-12-13,1.36591,2023-12-13,0.41581
2023-12-14,0.01146,2023-12-14,1.44235,2023-12-14,1.36209,2023-12-14,1.40948,2023-12-14,0.4074
2023-12-15,0.02063,2023-12-15,1.08845,2023-12-15,1.28642,2023-12-15,1.39649,2023-12-15,0.41275
2023-12-16,0.0107,2023-12-16,1.20463,2023-12-16,1.43852,2023-12-16,1.27419,2023-12-16,0.40358
2023-12-17,0.01375,2023-12-17,1.46146,2023-12-17,1.45458,2023-12-17,1.26272,2023-12-17,0.43874
2023-12-18,0.02369,2023-12-18,0.8622,2023-12-18,1.35521,2023-12-18,1.3361,2023-12-18,0.38906
2023-12-19,0.0214,2023-12-19,0.98984,2023-12-19,1.31011,2023-12-19,1.51496,2023-12-19,0.42269
2023-12-20,0.01605,2023-12-20,0.95468,2023-12-20,1.25814,2023-12-20,1.41559,2023-12-20,0.43645
2023-12-21,0.01605,2023-12-21,1.2138,2023-12-21,1.37203,2023-12-21,1.46834,2023-12-21,0.49836
2023-12-22,0.00764,2023-12-22,0.94857,2023-12-22,1.32769,2023-12-22,1.3682,2023-12-22,0.47543
2023-12-23,0.01452,2023-12-23,1.04411,2023-12-23,1.56388,2023-12-23,1.33534,2023-12-23,0.54269
2023-12-24,0.01222,2023-12-24,1.3147,2023-12-24,1.70147,2023-12-24,1.52184,2023-12-24,0.68869
2023-12-25,0.00917,2023-12-25,1.3361,2023-12-25,1.5249,2023-12-25,1.27801,2023-12-25,0.59161
2023-12-26,0.01452,2023-12-26,1.04182,2023-12-26,1.21686,2023-12-26,1.2375,2023-12-26,0.42116
2023-12-27,0.01605,2023-12-27,0.99596,2023-12-27,1.24896,2023-12-27,1.28336,2023-12-27,0.41046
2023-12-28,0.01605,2023-12-28,1.32158,2023-12-28,1.11826,2023-12-28,1.37814,2023-12-28,0.42192
2023-12-29,0.01452,2023-12-29,1.11979,2023-12-29,1.12972,2023-12-29,1.2933,2023-12-29,0.39593
2023-12-30,0.00917,2023-12-30,1.17635,2023-12-30,1.11596,2023-12-30,1.20539,2023-12-30,0.45555
2023-12-31,0.00687,2023-12-31,1.30018,2023-12-31,1.33304,2023-12-31,1.08615,2023-12-31,0.506
2024-01-01,0.00917,2024-01-01,1.2803,2024-01-01,1.06169,2024-01-01,1.16488,2024-01-01,0.40511
2024-01-02,0.01834,2024-01-02,0.80487,2024-01-02,1.1259,2024-01-02,1.25584,2024-01-02,0.33249
2024-01-03,0.01758,2024-01-03,0.92411,2024-01-03,1.12667,2024-01-03,1.37967,2024-01-03,0.36536
2024-01-04,0.02216,2024-01-04,1.23138,2024-01-04,1.19622,2024-01-04,1.35521,2024-01-04,0.36918
2024-01-05,0.0107,2024-01-05,1.06552,2024-01-05,1.15112,2024-01-05,1.35521,2024-01-05,0.37453
2024-01-06,0.01375,2024-01-06,1.31393,2024-01-06,1.61586,2024-01-06,1.2933,2024-01-06,0.40434
2024-01-07,0.00764,2024-01-07,1.31317,2024-01-07,1.36285,2024-01-07,1.26807,2024-01-07,0.37759
2024-01-08,0.01528,2024-01-08,0.89659,2024-01-08,1.06322,2024-01-08,1.25355,2024-01-08,0.36383
2024-01-09,0.01528,2024-01-09,1.03341,2024-01-09,1.16947,2024-01-09,1.32846,2024-01-09,0.36077
2024-01-10,0.01452,2024-01-10,1.07927,2024-01-10,1.13125,2024-01-10,1.38043,2024-01-10,0.36995
2024-01-11,0.01222,2024-01-11,1.29865,2024-01-11,1.14501,2024-01-11,1.39725,2024-01-11,0.32714
2024-01-12,0.0214,2024-01-12,1.12667,2024-01-12,1.14425,2024-01-12,1.31546,2024-01-12,0.34472
2024-01-13,0.01299,2024-01-13,1.42553,2024-01-13,1.24438,2024-01-13,1.21839,2024-01-13,0.44333
2024-01-14,0.01452,2024-01-14,1.47063,2024-01-14,1.20922,2024-01-14,1.26654,2024-01-14,0.45555
2024-01-15,0.00917,2024-01-15,0.96691,2024-01-15,1.16412,2024-01-15,1.23138,2024-01-15,0.34854
2024-01-16,0.01528,2024-01-16,0.97761,2024-01-16,1.171,2024-01-16,1.30705,2024-01-16,0.34014
2024-01-17,0.00993,2024-01-17,1.06628,2024-01-17,1.21839,2024-01-17,1.32387,2024-01-17,0.37759
2024-01-18,0.01299,2024-01-18,1.37432,2024-01-18,1.20845,2024-01-18,1.42859,2024-01-18,0.38141
2024-01-19,0.01987,2024-01-19,1.13125,2024-01-19,1.2375,2024-01-19,1.47063,2024-01-19,0.34625
2024-01-20,0.00917,2024-01-20,1.27495,2024-01-20,1.14272,2024-01-20,1.32999,2024-01-20,0.39976
2024-01-21,0.01375,2024-01-21,1.41559,2024-01-21,1.27266,2024-01-21,1.33304,2024-01-21,0.40358
2024-01-22,0.0107,2024-01-22,0.97226,2024-01-22,1.14501,2024-01-22,1.42018,2024-01-22,0.34243
2024-01-23,0.02675,2024-01-23,0.96615,2024-01-23,1.10908,2024-01-23,1.38349,2024-01-23,0.42651
2024-01-24,0.00917,2024-01-24,1.08921,2024-01-24,1.11214,2024-01-24,1.45075,2024-01-24,0.36077
2024-01-25,0.01987,2024-01-25,1.21915,2024-01-25,1.16794,2024-01-25,1.46757,2024-01-25,0.34319
2024-01-26,0.0214,2024-01-26,1.05787,2024-01-26,1.14195,2024-01-26,1.4584,2024-01-26,0.38523
2024-01-27,0.02675,2024-01-27,1.29253,2024-01-27,1.16412,2024-01-27,1.45687,2024-01-27,0.39976
2024-01-28,0.0191,2024-01-28,1.55394,2024-01-28,1.15953,2024-01-28,1.36591,2024-01-28,0.40358
2024-01-29,0.00993,2024-01-29,0.96156,2024-01-29,1.15418,2024-01-29,1.50273,2024-01-29,0.35542
2024-01-30,0.01605,2024-01-30,1.02883,2024-01-30,1.17176,2024-01-30,1.51802,2024-01-30,0.519
2024-01-31,0.0214,2024-01-31,1.15112,2024-01-31,1.02348,2024-01-31,1.48133,2024-01-31,0.38906
2024-02-01,0.02063,2024-02-01,1.30094,2024-02-01,1.15112,2024-02-01,1.63802,2024-02-01,0.37453
2024-02-02,0.01299,2024-02-02,1.0808,2024-02-02,1.12819,2024-02-02,1.53942,2024-02-02,0.37912
2024-02-03,0.01758,2024-02-03,1.16641,2024-02-03,1.22297,2024-02-03,1.43165,2024-02-03,0.36995
2024-02-04,0.0191,2024-02-04,1.26119,2024-02-04,1.19546,2024-02-04,1.54248,2024-02-04,0.64894
2024-02-05,0.01528,2024-02-05,0.86678,2024-02-05,1.09762,2024-02-05,1.54248,2024-02-05,0.373
2024-02-06,0.02675,2024-02-06,0.85608,2024-02-06,1.07163,2024-02-06,1.59828,2024-02-06,0.37224
2024-02-07,0.02522,2024-02-07,0.95851,2024-02-07,1.03647,2024-02-07,1.58299,2024-02-07,0.34854
2024-02-08,0.0214,2024-02-08,1.24361,2024-02-08,1.05252,2024-02-08,1.58987,2024-02-08,0.32332
2024-02-09,0.01375,2024-02-09,1.21304,2024-02-09,0.98067,2024-02-09,1.40031,2024-02-09,0.36995
2024-02-10,0.01758,2024-02-10,1.34069,2024-02-10,0.93787,2024-02-10,1.25814,2024-02-10,0.37988
2024-02-11,0.02828,2024-02-11,1.47139,2024-02-11,0.98602,2024-02-11,1.31776,2024-02-11,0.39441
2024-02-12,0.02063,2024-02-12,1.37355,2024-02-12,1.12896,2024-02-12,1.32005,2024-02-12,0.45173
2024-02-13,0.02981,2024-02-13,0.90729,2024-02-13,1.06628,2024-02-13,1.49891,2024-02-13,0.42345
2024-02-14,0.03286,2024-02-14,0.98144,2024-02-14,1.10985,2024-02-14,1.81001,2024-02-14,0.43492
2024-02-15,0.02522,2024-02-15,1.15036,2024-02-15,1.07622,2024-02-15,1.5035,2024-02-15,0.37988
2024-02-16,0.02369,2024-02-16,1.04106,2024-02-16,1.01354,2024-02-16,1.40566,2024-02-16,0.40129
2024-02-17,0.03286,2024-02-17,1.31623,2024-02-17,1.02883,2024-02-17,1.28565,2024-02-17,0.55186
2024-02-18,0.0191,2024-02-18,1.1924,2024-02-18,1.09685,2024-02-18,1.27342,2024-02-18,0.54728
2024-02-19,0.0428,2024-02-19,0.8836,2024-02-19,1.10221,2024-02-19,1.38043,2024-02-19,0.45326
2024-02-20,0.03057,2024-02-20,0.91723,2024-02-20,1.02883,2024-02-20,1.49662,2024-02-20,0.39058
2024-02-21,0.04127,2024-02-21,1.02042,2024-02-21,1.29177,2024-02-21,1.36515,2024-02-21,0.44791
2024-02-22,0.02981,2024-02-22,1.30247,2024-02-22,1.08921,2024-02-22,1.40871,2024-02-22,0.40052
2024-02-23,0.03133,2024-02-23,1.05864,2024-02-23,1.40871,2024-02-23,1.7909,2024-02-23,0.38218
2024-02-24,0.02828,2024-02-24,1.28795,2024-02-24,1.35521,2024-02-24,1.59598,2024-02-24,0.42498
2024-02-25,0.01452,2024-02-25,1.27266,2024-02-25,1.21686,2024-02-25,1.30705,2024-02-25,0.39593
2024-02-26,0.02828,2024-02-26,0.94016,2024-02-26,1.07775,2024-02-26,1.43165,2024-02-26,0.38141
2024-02-27,0.02828,2024-02-27,0.96233,2024-02-27,1.13125,2024-02-27,1.58528,2024-02-27,0.35925
2024-02-28,0.02063,2024-02-28,1.0059,2024-02-28,1.14425,2024-02-28,1.60898,2024-02-28,0.31262
2024-02-29,0.01987,2024-02-29,1.23979,2024-02-29,0.9822,2024-02-29,1.39572,2024-02-29,0.32791
2024-03-01,0.0321,2024-03-01,1.31928,2024-03-01,1.02424,2024-03-01,1.25737,2024-03-01,0.39593
2024-03-02,0.22548,2024-03-02,1.29024,2024-03-02,1.05558,2024-03-02,1.31011,2024-03-02,0.4181
2024-03-03,0.1414,2024-03-03,1.12972,2024-03-03,1.0594,2024-03-03,1.64872,2024-03-03,0.38523
2024-03-04,0.04662,2024-03-04,0.80105,2024-03-04,0.91341,2024-03-04,1.22909,2024-03-04,0.30345
2024-03-05,0.03516,2024-03-05,0.8622,2024-03-05,0.99978,2024-03-05,1.38731,2024-03-05,0.3195
2024-03-06,0.04203,2024-03-06,0.98067,2024-03-06,1.03341,2024-03-06,1.39878,2024-03-06,0.31644
2024-03-07,0.02981,2024-03-07,0.96691,2024-03-07,1.02577,2024-03-07,1.44158,2024-03-07,0.3088
2024-03-08,0.0214,2024-03-08,0.99367,2024-03-08,1.11673,2024-03-08,1.51114,2024-03-08,0.30574
2024-03-09,0.01987,2024-03-09,1.24132,2024-03-09,1.36209,2024-03-09,2.73412,2024-03-09,0.40587
2024-03-10,0.02522,2024-03-10,1.28795,2024-03-10,1.18246,2024-03-10,1.52566,2024-03-10,0.386
2024-03-11,0.05809,2024-03-11,0.89506,2024-03-11,1.16259,2024-03-11,1.53866,2024-03-11,0.3065
2024-03-12,0.0749,2024-03-12,0.92182,2024-03-12,1.18781,2024-03-12,1.57993,2024-03-12,0.28969
2024-03-13,0.04203,2024-03-13,1.01278,2024-03-13,1.17253,2024-03-13,1.65484,2024-03-13,0.33631
2024-03-14,0.02828,2024-03-14,0.97532,2024-03-14,1.35674,2024-03-14,1.94683,2024-03-14,0.34778
2024-03-15,0.01758,2024-03-15,1.05252,2024-03-15,1.15953,2024-03-15,1.5142,2024-03-15,0.32561
2024-03-16,0.01987,2024-03-16,1.23903,2024-03-16,1.07698,2024-03-16,1.44846,2024-03-16,0.33479
2024-03-17,0.01605,2024-03-17,1.26272,2024-03-17,1.64108,2024-03-17,1.37508,2024-03-17,0.37453
2024-03-18,0.01528,2024-03-18,0.88895,2024-03-18,1.07927,2024-03-18,1.32846,2024-03-18,0.32179
2024-03-19,0.02216,2024-03-19,0.86296,2024-03-19,1.17482,2024-03-19,1.3919,2024-03-19,0.33173
2024-03-20,0.03592,2024-03-20,0.86067,2024-03-20,1.1259,2024-03-20,1.5356,2024-03-20,0.30268
2024-03-21,0.01987,2024-03-21,0.96156,2024-03-21,1.17711,2024-03-21,1.49967,2024-03-21,0.29963
2024-03-22,0.0191,2024-03-22,0.92334,2024-03-22,1.16412,2024-03-22,1.49738,2024-03-22,0.3409
2024-03-23,0.02216,2024-03-23,1.16947,2024-03-23,1.0594,2024-03-23,1.4133,2024-03-23,0.38294
2024-03-24,0.02675,2024-03-24,1.09762,2024-03-24,1.30629,2024-03-24,1.27419,2024-03-24,0.33479
2024-03-25,0.0214,2024-03-25,0.81404,2024-03-25,1.06399,2024-03-25,1.37738,2024-03-25,0.30956
2024-03-26,0.02063,2024-03-26,0.8599,2024-03-26,1.08998,2024-03-26,1.40795,2024-03-26,0.3967
2024-03-27,0.01222,2024-03-27,0.90806,2024-03-27,1.12514,2024-03-27,1.45458,2024-03-27,0.29733
2024-03-28,0.00687,2024-03-28,0.9264,2024-03-28,1.11138,2024-03-28,1.38502,2024-03-28,0.3195
2024-03-29,0.02216,2024-03-29,0.93252,2024-03-29,1.06093,2024-03-29,1.39572,2024-03-29,0.29963
2024-03-30,0.02063,2024-03-30,1.16794,2024-03-30,1.02042,2024-03-30,1.25737,2024-03-30,0.31797
2024-03-31,0.01222,2024-03-31,1.10297,2024-03-31,1.025,2024-03-31,1.28489,2024-03-31,0.39746
2024-04-01,0.0214,2024-04-01,0.81481,2024-04-01,0.96921,2024-04-01,1.2375,2024-04-01,0.31568
2024-04-02,0.0107,2024-04-02,0.88207,2024-04-02,1.01736,2024-04-02,1.3575,2024-04-02,0.3065
2024-04-03,0.02216,2024-04-03,0.86449,2024-04-03,1.06857,2024-04-03,1.31852,2024-04-03,0.31568
2024-04-04,0.02751,2024-04-04,0.90959,2024-04-04,1.05176,2024-04-04,1.3682,2024-04-04,0.31797
2024-04-05,0.0191,2024-04-05,1.00513,2024-04-05,1.0487,2024-04-05,1.31393,2024-04-05,0.32561
2024-04-06,0.0191,2024-04-06,1.18246,2024-04-06,1.05329,2024-04-06,1.30858,2024-04-06,0.34396
2024-04-07,0.02063,2024-04-07,1.13584,2024-04-07,1.01583,2024-04-07,1.24743,2024-04-07,0.32944
2024-04-08,0.02598,2024-04-08,0.88054,2024-04-08,1.03341,2024-04-08,1.25661,2024-04-08,0.27746
2024-04-09,0.02904,2024-04-09,1.0059,2024-04-09,1.05099,2024-04-09,1.36973,2024-04-09,0.29427
2024-04-10,0.02063,2024-04-10,1.25355,2024-04-10,0.98679,2024-04-10,1.2803,2024-04-10,0.31873
2024-04-11,0.01758,2024-04-11,0.8943,2024-04-11,1.07698,2024-04-11,1.33228,2024-04-11,0.26294
2024-04-12,0.01375,2024-04-12,1.18629,2024-04-12,1.10679,2024-04-12,1.32158,2024-04-12,0.28357
2024-04-13,0.01452,2024-04-13,1.34374,2024-04-13,0.89812,2024-04-13,1.18934,2024-04-13,0.31033
2024-04-14,0.01681,2024-04-14,1.2268,2024-04-14,0.92029,2024-04-14,1.10373,2024-04-14,0.33402
2024-04-15,0.01528,2024-04-15,0.8943,2024-04-15,0.96386,2024-04-15,1.20081,2024-04-15,0.26981
2024-04-16,0.29045,2024-04-16,0.95086,2024-04-16,1.15495,2024-04-16,1.32234,2024-04-16,0.26676
2024-04-17,0.03133,2024-04-17,0.95392,2024-04-17,1.06628,2024-04-17,1.34145,2024-04-17,0.26064
2024-04-18,0.02293,2024-04-18,1.01507,2024-04-18,1.05482,2024-04-18,1.31241,2024-04-18,0.27899
2024-04-19,0.01758,2024-04-19,0.98449,2024-04-19,1.01278,2024-04-19,1.34604,2024-04-19,0.28052
2024-04-20,0.02445,2024-04-20,1.22833,2024-04-20,1.19775,2024-04-20,1.32234,2024-04-20,0.29427
2024-04-21,0.02216,2024-04-21,1.20081,2024-04-21,1.29788,2024-04-21,1.2589,2024-04-21,0.34243
2024-04-22,0.01758,2024-04-22,0.81481,2024-04-22,1.04029,2024-04-22,1.28565,2024-04-22,0.25911
2024-04-23,0.0214,2024-04-23,0.9478,2024-04-23,1.13125,2024-04-23,1.47445,2024-04-23,0.30345
2024-04-24,0.03745,2024-04-24,0.87748,2024-04-24,1.06399,2024-04-24,1.33916,2024-04-24,0.24765
2024-04-25,0.0191,2024-04-25,0.90118,2024-04-25,1.04182,2024-04-25,1.41101,2024-04-25,0.27822
2024-04-26,0.03821,2024-04-26,0.96921,2024-04-26,1.03112,2024-04-26,1.3789,2024-04-26,0.25071
2024-04-27,0.02828,2024-04-27,1.10756,2024-04-27,1.0059,2024-04-27,1.20387,2024-04-27,0.25988
2024-04-28,0.03516,2024-04-28,1.08845,2024-04-28,0.97532,2024-04-28,1.17023,2024-04-28,0.27669
2024-04-29,0.03745,2024-04-29,0.86372,2024-04-29,1.07622,2024-04-29,1.21992,2024-04-29,0.28892
2024-04-30,0.02522,2024-04-30,0.94475,2024-04-30,1.00972,2024-04-30,1.25584,2024-04-30,0.25147
2024-05-01,0.0191,2024-05-01,1.15953,2024-05-01,0.97761,2024-05-01,1.2826,2024-05-01,0.25835
2024-05-02,0.02751,2024-05-02,0.88436,2024-05-02,1.02195,2024-05-02,1.30858,2024-05-02,0.24765
2024-05-03,0.02063,2024-05-03,0.86984,2024-05-03,0.94169,2024-05-03,1.24514,2024-05-03,0.28052
2024-05-04,0.01681,2024-05-04,1.06934,2024-05-04,0.8813,2024-05-04,1.14807,2024-05-04,0.25223
2024-05-05,0.49148,2024-05-05,1.20234,2024-05-05,0.96921,2024-05-05,1.23291,2024-05-05,0.34166
2024-05-06,1.95982,2024-05-06,1.1259,2024-05-06,1.06246,2024-05-06,1.25584,2024-05-06,0.31491
2024-05-07,2.77234,2024-05-07,0.75748,2024-05-07,1.08768,2024-05-07,1.27724,2024-05-07,0.27746
2024-05-08,2.02938,2024-05-08,0.80258,2024-05-08,1.09685,2024-05-08,1.44617,2024-05-08,0.31491
2024-05-09,1.54095,2024-05-09,0.81328,2024-05-09,1.06628,2024-05-09,1.41942,2024-05-09,0.29886
2024-05-10,1.52643,2024-05-10,0.93099,2024-05-10,0.99519,2024-05-10,1.33304,2024-05-10,0.28128
2024-05-11,2.30608,2024-05-11,0.95698,2024-05-11,0.99214,2024-05-11,1.23826,2024-05-11,0.31109
2024-05-12,2.69896,2024-05-12,1.04259,2024-05-12,1.03036,2024-05-12,1.31928,2024-05-12,0.32791
2024-05-13,2.63093,2024-05-13,0.74907,2024-05-13,1.13202,2024-05-13,1.52948,2024-05-13,0.25682
2024-05-14,3.08573,2024-05-14,1.0938,2024-05-14,1.17711,2024-05-14,1.56235,2024-05-14,0.26141
2024-05-15,6.55517,2024-05-15,1.31776,2024-05-15,1.08539,2024-05-15,1.43394,2024-05-15,0.2744
2024-05-16,6.83339,2024-05-16,0.83544,2024-05-16,1.06552,2024-05-16,1.39649,2024-05-16,0.3065
2024-05-17,7.97306,2024-05-17,0.94169,2024-05-17,0.96615,2024-05-17,1.40719,2024-05-17,0.2744
2024-05-18,10.78591,2024-05-18,1.17788,2024-05-18,0.90882,2024-05-18,1.30476,2024-05-18,0.25071
2024-05-19,12.61809,2024-05-19,1.2031,2024-05-19,0.96538,2024-05-19,1.22833,2024-05-19,0.31185
2024-05-20,10.8012,2024-05-20,0.79493,2024-05-20,0.97838,2024-05-20,1.39496,2024-05-20,0.24077
2024-05-21,10.205,2024-05-21,0.82551,2024-05-21,1.03265,2024-05-21,1.31393,2024-05-21,0.30421
2024-05-22,10.3464,2024-05-22,0.88666,2024-05-22,1.04641,2024-05-22,1.34298,2024-05-22,0.31644
2024-05-23,10.61087,2024-05-23,0.90882,2024-05-23,1.0273,2024-05-23,1.30018,2024-05-23,0.32867
2024-05-24,10.34029,2024-05-24,0.86678,2024-05-24,1.00437,2024-05-24,1.38426,2024-05-24,0.25911
2024-05-25,12.01806,2024-05-25,0.96768,2024-05-25,0.89736,2024-05-25,1.22068,2024-05-25,0.27287
2024-05-26,13.57278,2024-05-26,1.03341,2024-05-26,1.02195,2024-05-26,1.16641,2024-05-26,0.29351
2024-05-27,11.5434,2024-05-27,0.81098,2024-05-27,1.02118,2024-05-27,1.29024,2024-05-27,0.26981
2024-05-28,12.1266,2024-05-28,0.86678,2024-05-28,1.08768,2024-05-28,1.3361,2024-05-28,0.27134
2024-05-29,12.67083,2024-05-29,0.87672,2024-05-29,1.0059,2024-05-29,1.40107,2024-05-29,0.28052
2024-05-30,13.37251,2024-05-30,0.85608,2024-05-30,0.95774,2024-05-30,1.42859,2024-05-30,0.27669
2024-05-31,13.05148,2024-05-31,0.94016,2024-05-31,0.99978,2024-05-31,1.37738,2024-05-31,0.29427
2024-06-01,17.25853,2024-06-01,1.01813,2024-06-01,0.91799,2024-06-01,1.28412,2024-06-01,0.33479
2024-06-02,24.2341,2024-06-02,1.04411,2024-06-02,0.89659,2024-06-02,1.18323,2024-06-02,0.31644
2024-06-03,26.29941,2024-06-03,0.74219,2024-06-03,0.97379,2024-06-03,1.2482,2024-06-03,0.30115
2024-06-04,25.79264,2024-06-04,0.77582,2024-06-04,0.88742,2024-06-04,1.18476,2024-06-04,0.2958
2024-06-05,23.75791,2024-06-05,0.85608,2024-06-05,0.87137,2024-06-05,1.26654,2024-06-05,0.31491
2024-06-06,24.89681,2024-06-06,1.05482,2024-06-06,0.85532,2024-06-06,1.14042,2024-06-06,0.30192
2024-06-07,22.03198,2024-06-07,0.95163,2024-06-07,0.87137,2024-06-07,1.1496,2024-06-07,0.32561
2024-06-08,21.85617,2024-06-08,1.28871,2024-06-08,0.98067,2024-06-08,1.08386,2024-06-08,0.35313
2024-06-09,22.22154,2024-06-09,1.18399,2024-06-09,0.92258,2024-06-09,1.13737,2024-06-09,0.33173
2024-06-10,20.79142,2024-06-10,0.81481,2024-06-10,0.8729,2024-06-10,1.05787,2024-06-10,0.29657
2024-06-11,20.44669,2024-06-11,0.86372,2024-06-11,0.90347,2024-06-11,1.20539,2024-06-11,0.34243
2024-06-12,20.02629,2024-06-12,0.90347,2024-06-12,0.93405,2024-06-12,1.27495,2024-06-12,0.35084
2024-06-13,20.82352,2024-06-13,0.83239,2024-06-13,0.85837,2024-06-13,1.2138,2024-06-13,0.35772
2024-06-14,20.12566,2024-06-14,0.8492,2024-06-14,0.86372,2024-06-14,1.27495,2024-06-14,0.39288
2024-06-15,20.23114,2024-06-15,1.10221,2024-06-15,1.03188,2024-06-15,1.21762,2024-06-15,0.46396
2024-06-16,19.67698,2024-06-16,1.07927,2024-06-16,1.04717,2024-06-16,1.09074,2024-06-16,0.43797
2024-06-17,18.66878,2024-06-17,0.84003,2024-06-17,0.9929,2024-06-17,1.19164,2024-06-17,0.43721
2024-06-18,19.18778,2024-06-18,0.83621,2024-06-18,0.97303,2024-06-18,1.2245,2024-06-18,0.44944
2024-06-19,17.47714,2024-06-19,0.90729,2024-06-19,0.97991,2024-06-19,1.3361,2024-06-19,0.45632
2024-06-20,17.04375,2024-06-20,0.8706,2024-06-20,1.14654,2024-06-20,1.23673,2024-06-20,0.40205
2024-06-21,15.9102,2024-06-21,0.83315,2024-06-21,1.09991,2024-06-21,1.23444,2024-06-21,0.44868
2024-06-22,19.05249,2024-06-22,0.98526,2024-06-22,1.22145,2024-06-22,1.09762,2024-06-22,0.50218
2024-06-23,19.84131,2024-06-23,1.0938,2024-06-23,1.34374,2024-06-23,1.03571,2024-06-23,0.49912
2024-06-24,18.85834,2024-06-24,0.77506,2024-06-24,1.17023,2024-06-24,1.22374,2024-06-24,0.44791
2024-06-25,18.87745,2024-06-25,0.86296,2024-06-25,1.22374,2024-06-25,1.34909,2024-06-25,0.50982
2024-06-26,24.34952,2024-06-26,0.8622,2024-06-26,1.0915,2024-06-26,1.31164,2024-06-26,0.58015
2024-06-27,25.23083,2024-06-27,0.82016,2024-06-27,1.10756,2024-06-27,1.29406,2024-06-27,0.53581
2024-06-28,25.54422,2024-06-28,0.8492,2024-06-28,0.97991,2024-06-28,1.38043,2024-06-28,0.50677
2024-06-29,55.74724,2024-06-29,0.91952,2024-06-29,0.96003,2024-06-29,1.22297,2024-06-29,0.55645
2024-06-30,45.8969,2024-06-30,1.06017,2024-06-30,1.09762,2024-06-30,1.16488,2024-06-30,0.61301
2024-07-01,38.17302,2024-07-01,0.67493,2024-07-01,0.98679,2024-07-01,1.22221,2024-07-01,0.43186
2024-07-02,35.86311,2024-07-02,0.70932,2024-07-02,1.02348,2024-07-02,1.29482,2024-07-02,0.48231
2024-07-03,36.08478,2024-07-03,0.80258,2024-07-03,0.96538,2024-07-03,1.304,2024-07-03,0.48307
2024-07-04,43.45323,2024-07-04,0.81404,2024-07-04,1.05711,2024-07-04,1.19393,2024-07-04,0.4502
2024-07-05,42.90442,2024-07-05,0.85226,2024-07-05,1.038,2024-07-05,1.22145,2024-07-05,0.43339
2024-07-06,59.14636,2024-07-06,0.96921,2024-07-06,0.92564,2024-07-06,1.11138,2024-07-06,0.50218
2024-07-07,94.38193,2024-07-07,1.03341,2024-07-07,0.92029,2024-07-07,1.038,2024-07-07,0.56792
2024-07-08,100,2024-07-08,0.75977,2024-07-08,0.98755,2024-07-08,1.3361,2024-07-08,0.46396
2024-07-09,91.98871,2024-07-09,0.81633,2024-07-09,1.00819,2024-07-09,1.47751,2024-07-09,0.47849
2024-07-10,61.77194,2024-07-10,0.86296,2024-07-10,1.00207,2024-07-10,1.27572,2024-07-10,0.47314
2024-07-11,53.01158,2024-07-11,0.89889,2024-07-11,0.98984,2024-07-11,1.26272,2024-07-11,0.41657
2024-07-12,48.58822,2024-07-12,0.785,2024-07-12,0.93863,2024-07-12,1.37355,2024-07-12,0.44409
2024-07-13,45.14706,2024-07-13,1.01889,2024-07-13,0.92182,2024-07-13,1.16565,2024-07-13,0.47696
2024-07-14,44.66169,2024-07-14,1.02348,2024-07-14,0.99137,2024-07-14,1.19087,2024-07-14,0.49836
2024-07-15,37.81682,2024-07-15,0.75824,2024-07-15,0.90118,2024-07-15,1.25355,2024-07-15,0.48307
2024-07-16,36.72684,2024-07-16,0.74143,2024-07-16,0.95545,2024-07-16,1.32005,2024-07-16,0.47314
2024-07-17,38.35646,2024-07-17,1.81688,2024-07-17,0.96921,2024-07-17,1.31241,2024-07-17,0.43492
2024-07-18,37.76638,2024-07-18,1.27113,2024-07-18,0.9371,2024-07-18,1.37508,2024-07-18,0.40205
2024-07-19,37.49273,2024-07-19,1.15265,2024-07-19,0.85379,2024-07-19,1.32846,2024-07-19,0.39517
2024-07-20,36.94469,2024-07-20,1.74656,2024-07-20,0.91035,2024-07-20,1.17253,2024-07-20,0.44333
2024-07-21,37.74956,2024-07-21,1.09685,2024-07-21,0.90882,2024-07-21,1.17941,2024-07-21,0.46396
2024-07-22,34.91989,2024-07-22,0.78729,2024-07-22,1.557,2024-07-22,1.21839,2024-07-22,0.36689
2024-07-23,33.22301,2024-07-23,0.96003,2024-07-23,1.00819,2024-07-23,1.26425,2024-07-23,0.38218
2024-07-24,31.97786,2024-07-24,1.00666,2024-07-24,1.0594,2024-07-24,1.27495,2024-07-24,0.34778
2024-07-25,30.38799,2024-07-25,0.86755,2024-07-25,1.19469,2024-07-25,1.22603,2024-07-25,0.3409
2024-07-26,29.26743,2024-07-26,0.84003,2024-07-26,1.10373,2024-07-26,2.06912,2024-07-26,0.31415
2024-07-27,32.87446,2024-07-27,0.97761,2024-07-27,1.0036,2024-07-27,2.15855,2024-07-27,0.3967
2024-07-28,31.06521,2024-07-28,1.03723,2024-07-28,0.93787,2024-07-28,1.74351,2024-07-28,0.39211
2024-07-29,29.92478,2024-07-29,0.76054,2024-07-29,0.88513,2024-07-29,1.49585,2024-07-29,0.32867
2024-07-30,25.95927,2024-07-30,0.84232,2024-07-30,0.89812,2024-07-30,1.33534,2024-07-30,0.81481
2024-07-31,24.70495,2024-07-31,0.85608,2024-07-31,0.87978,2024-07-31,1.32922,2024-07-31,0.54804
2024-08-01,29.62668,2024-08-01,0.78729,2024-08-01,0.8706,2024-08-01,1.25966,2024-08-01,0.4074
2024-08-02,31.03846,2024-08-02,0.85837,2024-08-02,0.76818,2024-08-02,1.20387,2024-08-02,0.36689
2024-08-03,30.77934,2024-08-03,0.97838,2024-08-03,1.1603,2024-08-03,1.16183,2024-08-03,0.39058
2024-08-04,32.64362,2024-08-04,0.94628,2024-08-04,0.83391,2024-08-04,0.95086,2024-08-04,0.36307
2024-08-05,28.42434,2024-08-05,0.71391,2024-08-05,0.81939,2024-08-05,1.02195,2024-08-05,0.30115
2024-08-06,29.3538,2024-08-06,0.7934,2024-08-06,0.85073,2024-08-06,1.20081,2024-08-06,0.35084
2024-08-07,28.32956,2024-08-07,0.7957,2024-08-07,0.92029,2024-08-07,1.49127,2024-08-07,0.36536
2024-08-08,28.08038,2024-08-08,0.79722,2024-08-08,0.89965,2024-08-08,1.24438,2024-08-08,0.35007
2024-08-09,25.48154,2024-08-09,0.83544,2024-08-09,0.90271,2024-08-09,1.16794,2024-08-09,0.32791
2024-08-10,25.65352,2024-08-10,0.97456,2024-08-10,1.05864,2024-08-10,1.0701,2024-08-10,0.36077
2024-08-11,26.77102,2024-08-11,1.0059,2024-08-11,0.91723,2024-08-11,1.09074,2024-08-11,0.40434
2024-08-12,25.08484,2024-08-12,0.75595,2024-08-12,0.91723,2024-08-12,1.11979,2024-08-12,0.32561
2024-08-13,25.87825,2024-08-13,0.80869,2024-08-13,0.92717,2024-08-13,1.24591,2024-08-13,0.32332
2024-08-14,23.37955,2024-08-14,0.80334,2024-08-14,0.90729,2024-08-14,1.14654,2024-08-14,0.32332
2024-08-15,24.99923,2024-08-15,1.04411,2024-08-15,0.89965,2024-08-15,1.08004,2024-08-15,0.32408
2024-08-16,21.64979,2024-08-16,0.86755,2024-08-16,0.95468,2024-08-16,1.12055,2024-08-16,0.28969
2024-08-17,23.43076,2024-08-17,0.95392,2024-08-17,0.98602,2024-08-17,1.11596,2024-08-17,0.31185
2024-08-18,23.89243,2024-08-18,0.91035,2024-08-18,0.91647,2024-08-18,1.77714,2024-08-18,0.36918
2024-08-19,21.6368,2024-08-19,0.65123,2024-08-19,0.99137,2024-08-19,1.17711,2024-08-19,0.32714
2024-08-20,20.4979,2024-08-20,0.7162,2024-08-20,0.96844,2024-08-20,1.38884,2024-08-20,0.31262
2024-08-21,20.10196,2024-08-21,0.76894,2024-08-21,0.97456,2024-08-21,1.32616,2024-08-21,0.34319
2024-08-22,19.85813,2024-08-22,0.81098,2024-08-22,0.98144,2024-08-22,1.87268,2024-08-22,0.34319
2024-08-23,19.39493,2024-08-23,0.83162,2024-08-23,0.88283,2024-08-23,1.56312,2024-08-23,0.34854
2024-08-24,19.59901,2024-08-24,0.97761,2024-08-24,0.98144,2024-08-24,1.35827,2024-08-24,0.37683
2024-08-25,18.79719,2024-08-25,1.01278,2024-08-25,0.91952,2024-08-25,1.3017,2024-08-25,0.34472
2024-08-26,17.27611,2024-08-26,0.76359,2024-08-26,0.98602,2024-08-26,1.24208,2024-08-26,0.32561
2024-08-27,17.70798,2024-08-27,0.93481,2024-08-27,1.07316,2024-08-27,1.39954,2024-08-27,0.34702
2024-08-28,17.88837,2024-08-28,0.85455,2024-08-28,0.95774,2024-08-28,1.47139,2024-08-28,0.75901
2024-08-29,16.96425,2024-08-29,0.79264,2024-08-29,0.96921,2024-08-29,1.3682,2024-08-29,0.55951
2024-08-30,17.94493,2024-08-30,0.84309,2024-08-30,1.01736,2024-08-30,1.29406,2024-08-30,0.48078
2024-08-31,18.20481,2024-08-31,1.28947,2024-08-31,1.17711,2024-08-31,1.18934,2024-08-31,0.59008
2024-09-01,17.5337,2024-09-01,1.08921,2024-09-01,1.20692,2024-09-01,1.19546,2024-09-01,0.36536
2024-09-02,16.33671,2024-09-02,0.76283,2024-09-02,1.17558,2024-09-02,1.3147,2024-09-02,0.34319
2024-09-03,16.52169,2024-09-03,0.88207,2024-09-03,1.00131,2024-09-03,1.3705,2024-09-03,0.35925
2024-09-04,15.92472,2024-09-04,0.73684,2024-09-04,0.95086,2024-09-04,1.25049,2024-09-04,0.34931
2024-09-05,16.03402,2024-09-05,0.77582,2024-09-05,0.99902,2024-09-05,1.50579,2024-09-05,0.33096
2024-09-06,15.99581,2024-09-06,0.80869,2024-09-06,1.00972,2024-09-06,1.34833,2024-09-06,0.35619
2024-09-07,17.28987,2024-09-07,1.00207,2024-09-07,1.05252,2024-09-07,1.17864,2024-09-07,0.38218
2024-09-08,17.91512,2024-09-08,1.06169,2024-09-08,1.00513,2024-09-08,1.23062,2024-09-08,0.43186
2024-09-09,15.28648,2024-09-09,0.7399,2024-09-09,0.97532,2024-09-09,1.26196,2024-09-09,0.36307
2024-09-10,13.79674,2024-09-10,0.73455,2024-09-10,0.98373,2024-09-10,1.37279,2024-09-10,0.29963
2024-09-11,13.98018,2024-09-11,0.75671,2024-09-11,1.01201,2024-09-11,1.42171,2024-09-11,0.28128
2024-09-12,13.95114,2024-09-12,0.8041,2024-09-12,1.0036,2024-09-12,1.43012,2024-09-12,0.31033
2024-09-13,13.02549,2024-09-13,0.76665,2024-09-13,0.89659,2024-09-13,1.50197,2024-09-13,0.32561
2024-09-14,14.84697,2024-09-14,0.99672,2024-09-14,0.9608,2024-09-14,1.23826,2024-09-14,0.34396
2024-09-15,14.78276,2024-09-15,1.13125,2024-09-15,0.9501,2024-09-15,1.1259,2024-09-15,0.34243
2024-09-16,12.68077,2024-09-16,1.16183,2024-09-16,0.82321,2024-09-16,1.03112,2024-09-16,0.34702
2024-09-17,12.63185,2024-09-17,1.34527,2024-09-17,0.92334,2024-09-17,0.95392,2024-09-17,0.35237
2024-09-18,11.2323,2024-09-18,1.15953,2024-09-18,0.87672,2024-09-18,1.05329,2024-09-18,0.30345
2024-09-19,10.09493,2024-09-19,0.81557,2024-09-19,0.85608,2024-09-19,1.12361,2024-09-19,0.31033
2024-09-20,9.72421,2024-09-20,0.78805,2024-09-20,0.92564,2024-09-20,1.25814,2024-09-20,0.29122
2024-09-21,10.64909,2024-09-21,0.98144,2024-09-21,0.93863,2024-09-21,1.16183,2024-09-21,0.33861
2024-09-22,9.57669,2024-09-22,1.03723,2024-09-22,0.97838,2024-09-22,1.15036,2024-09-22,0.35772
2024-09-23,8.80239,2024-09-23,0.70703,2024-09-23,0.8836,2024-09-23,1.22603,2024-09-23,0.29657
2024-09-24,8.28874,2024-09-24,0.77659,2024-09-24,0.98832,2024-09-24,1.21533,2024-09-24,0.28128
2024-09-25,8.0816,2024-09-25,0.81863,2024-09-25,0.98679,2024-09-25,1.23903,2024-09-25,0.34243
2024-09-26,8.18555,2024-09-26,0.82551,2024-09-26,1.1152,2024-09-26,1.26807,2024-09-26,0.28587
2024-09-27,7.71623,2024-09-27,0.82474,2024-09-27,0.98144,2024-09-27,1.25355,2024-09-27,0.29733
2024-09-28,8.23065,2024-09-28,0.98144,2024-09-28,0.93175,2024-09-28,1.01278,2024-09-28,0.27058
2024-09-29,7.95013,2024-09-29,1.00055,2024-09-29,1.03494,2024-09-29,1.03418,2024-09-29,0.32944
2024-09-30,6.77989,2024-09-30,0.83009,2024-09-30,0.98908,2024-09-30,1.171,2024-09-30,0.373
2024-10-01,7.04971,2024-10-01,0.9822,2024-10-01,1.02577,2024-10-01,1.11979,2024-10-01,0.506
2024-10-02,6.41147,2024-10-02,0.77964,2024-10-02,0.95315,2024-10-02,1.10832,2024-10-02,0.63442
2024-10-03,6.8311,2024-10-03,1.02424,2024-10-03,1.03494,2024-10-03,1.0487,2024-10-03,0.61454
2024-10-04,6.22649,2024-10-04,0.83697,2024-10-04,0.98908,2024-10-04,1.10985,2024-10-04,0.50677
2024-10-05,6.5888,2024-10-05,0.93252,2024-10-05,0.97532,2024-10-05,1.05482,2024-10-05,0.55492
2024-10-06,6.89684,2024-10-06,0.93175,2024-10-06,0.99061,2024-10-06,1.06475,2024-10-06,0.5832
2024-10-07,6.49937,2024-10-07,0.66958,2024-10-07,1.02348,2024-10-07,1.13125,2024-10-07,0.5083
2024-10-08,5.93909,2024-10-08,0.78652,2024-10-08,0.96462,2024-10-08,1.09533,2024-10-08,0.6497
2024-10-09,6.03922,2024-10-09,0.98679,2024-10-09,0.99672,2024-10-09,1.03494,2024-10-09,0.75366
2024-10-10,5.99871,2024-10-10,0.80563,2024-10-10,1.0273,2024-10-10,1.14195,2024-10-10,0.60766
2024-10-11,5.47742,2024-10-11,0.74372,2024-10-11,0.96768,2024-10-11,1.13889,2024-10-11,0.60002
2024-10-12,5.78469,2024-10-12,0.93405,2024-10-12,0.9478,2024-10-12,1.03036,2024-10-12,0.76054
2024-10-13,6.77683,2024-10-13,0.96538,2024-10-13,1.02042,2024-10-13,1.0938,2024-10-13,0.62907
2024-10-14,6.15464,2024-10-14,0.74219,2024-10-14,1.06246,2024-10-14,1.2375,2024-10-14,0.62677
2024-10-15,5.81297,2024-10-15,0.77353,2024-10-15,1.00972,2024-10-15,1.27724,2024-10-15,0.60613
2024-10-16,5.68303,2024-10-16,0.8041,2024-10-16,1.06475,2024-10-16,1.27877,2024-10-16,0.64741
2024-10-17,5.49652,2024-10-17,0.80716,2024-10-17,1.08157,2024-10-17,1.32234,2024-10-17,0.59926
2024-10-18,5.35818,2024-10-18,0.80563,2024-10-18,0.94704,2024-10-18,1.24285,2024-10-18,0.61836
2024-10-19,5.37499,2024-10-19,0.96615,2024-10-19,1.0273,2024-10-19,1.19852,2024-10-19,0.69021
2024-10-20,5.36582,2024-10-20,0.95621,2024-10-20,1.03341,2024-10-20,1.15189,2024-10-20,0.64435
2024-10-21,4.85828,2024-10-21,0.73225,2024-10-21,1.0724,2024-10-21,1.33992,2024-10-21,0.53428
2024-10-22,5.14874,2024-10-22,0.69251,2024-10-22,1.03265,2024-10-22,1.31776,2024-10-22,0.53123
2024-10-23,4.87281,2024-10-23,0.80793,2024-10-23,1.09533,2024-10-23,1.24514,2024-10-23,0.53123
2024-10-24,4.82389,2024-10-24,0.78805,2024-10-24,1.06093,2024-10-24,1.31623,2024-10-24,0.5404
2024-10-25,4.431,2024-10-25,0.84003,2024-10-25,1.07469,2024-10-25,1.3017,2024-10-25,0.55034
2024-10-26,4.62133,2024-10-26,1.07927,2024-10-26,1.08539,2024-10-26,1.17941,2024-10-26,0.56486
2024-10-27,5.21218,2024-10-27,1.12514,2024-10-27,1.15571,2024-10-27,1.26349,2024-10-27,0.58855
2024-10-28,5.76405,2024-10-28,0.78652,2024-10-28,1.08157,2024-10-28,1.25661,2024-10-28,0.51976
2024-10-29,5.05625,2024-10-29,0.83315,2024-10-29,1.14042,2024-10-29,1.27724,2024-10-29,0.49377
2024-10-30,4.5533,2024-10-30,0.83544,2024-10-30,1.10832,2024-10-30,1.56006,2024-10-30,0.47237
2024-10-31,4.18488,2024-10-31,0.86296,2024-10-31,0.97914,2024-10-31,1.41177,2024-10-31,0.57862
2024-11-01,4.32399,2024-11-01,0.84997,2024-11-01,0.94169,2024-11-01,1.33075,2024-11-01,0.47543
2024-11-02,4.09545,2024-11-02,0.93252,2024-11-02,0.97074,2024-11-02,3.57415,2024-11-02,0.48766
2024-11-03,4.04041,2024-11-03,0.93557,2024-11-03,0.9822,2024-11-03,1.38426,2024-11-03,0.69021
2024-11-04,4.33546,2024-11-04,0.69251,2024-11-04,1.00666,2024-11-04,1.50273,2024-11-04,0.51747
2024-11-05,4.5426,2024-11-05,0.79799,2024-11-05,1.02806,2024-11-05,1.56235,2024-11-05,0.52205
2024-11-06,4.38285,2024-11-06,0.74678,2024-11-06,1.0059,2024-11-06,1.54248,2024-11-06,0.45785
2024-11-07,4.44706,2024-11-07,0.76436,2024-11-07,1.05711,2024-11-07,1.71217,2024-11-07,0.43415
2024-11-08,4.29265,2024-11-08,0.81175,2024-11-08,1.00055,2024-11-08,1.72745,2024-11-08,0.43874
2024-11-09,4.08093,2024-11-09,0.88207,2024-11-09,0.93481,2024-11-09,4.20857,2024-11-09,0.44868
2024-11-10,4.65267,2024-11-10,0.90882,2024-11-10,1.01125,2024-11-10,2.02403,2024-11-10,0.43645
2024-11-11,4.83306,2024-11-11,0.64053,2024-11-11,1.04641,2024-11-11,2.43372,2024-11-11,0.43645
2024-11-12,3.73238,2024-11-12,0.72996,2024-11-12,0.97761,2024-11-12,1.65408,2024-11-12,0.4074
2024-11-13,3.4702,2024-11-13,0.76283,2024-11-13,0.94475,2024-11-13,1.58528,2024-11-13,0.41734
2024-11-14,3.23325,2024-11-14,0.76206,2024-11-14,0.94016,2024-11-14,1.37126,2024-11-14,0.41275
2024-11-15,2.96954,2024-11-15,0.7162,2024-11-15,0.99214,2024-11-15,1.3147,2024-11-15,0.38065
2024-11-16,3.03069,2024-11-16,0.99596,2024-11-16,0.93252,2024-11-16,1.38502,2024-11-16,0.38218
2024-11-17,3.59785,2024-11-17,0.8943,2024-11-17,0.94475,2024-11-17,1.19928,2024-11-17,0.41352
2024-11-18,3.37848,2024-11-18,0.71926,2024-11-18,0.97914,2024-11-18,1.26807,2024-11-18,0.34854
2024-11-19,3.66358,2024-11-19,0.72002,2024-11-19,1.03494,2024-11-19,1.39266,2024-11-19,0.3623
2024-11-20,3.00165,2024-11-20,0.69327,2024-11-20,1.07087,2024-11-20,1.31852,2024-11-20,0.35466
2024-11-21,3.37618,2024-11-21,0.70244,2024-11-21,1.08998,2024-11-21,1.35827,2024-11-21,0.33631
2024-11-22,2.65157,2024-11-22,0.74143,2024-11-22,1.05482,2024-11-22,1.22909,2024-11-22,0.34702
2024-11-23,2.66533,2024-11-23,0.89353,2024-11-23,0.99672,2024-11-23,1.16488,2024-11-23,0.35389
2024-11-24,3.13235,2024-11-24,0.88054,2024-11-24,0.97303,2024-11-24,1.07775,2024-11-24,0.41046
2024-11-25,2.42914,2024-11-25,0.61913,2024-11-25,1.00972,2024-11-25,1.05634,2024-11-25,0.35695
2024-11-26,2.61946,2024-11-26,0.67263,2024-11-26,1.0808,2024-11-26,1.2268,2024-11-26,0.3753
2024-11-27,2.40086,2024-11-27,0.65811,2024-11-27,0.95239,2024-11-27,1.09991,2024-11-27,0.32256
2024-11-28,7.02219,2024-11-28,0.60613,2024-11-28,0.97991,2024-11-28,1.19087,2024-11-28,0.32256
2024-11-29,2.66609,2024-11-29,0.67722,2024-11-29,1.02806,2024-11-29,1.18934,2024-11-29,0.33402
2024-11-30,2.54685,2024-11-30,0.79111,2024-11-30,1.00207,2024-11-30,1.09227,2024-11-30,0.36383
2024-12-01,2.68138,2024-12-01,0.8278,2024-12-01,1.07927,2024-12-01,0.98602,2024-12-01,0.35925
2024-12-02,2.58889,2024-12-02,0.60308,2024-12-02,1.1152,2024-12-02,1.07927,2024-12-02,0.3753
2024-12-03,2.33818,2024-12-03,0.62754,2024-12-03,1.07316,2024-12-03,1.0594,2024-12-03,0.36383
2024-12-04,1.93612,2024-12-04,0.58779,2024-12-04,0.99214,2024-12-04,1.00972,2024-12-04,0.27899
2024-12-05,2.03396,2024-12-05,0.63747,2024-12-05,1.07392,2024-12-05,1.14042,2024-12-05,0.32256
2024-12-06,2.2304,2024-12-06,0.71315,2024-12-06,1.03953,2024-12-06,1.22068,2024-12-06,0.30803
2024-12-07,2.91527,2024-12-07,0.77735,2024-12-07,0.92946,2024-12-07,1.14042,2024-12-07,0.32332
2024-12-08,3.24471,2024-12-08,0.79493,2024-12-08,1.0487,2024-12-08,1.05329,2024-12-08,0.39364
2024-12-09,2.94279,2024-12-09,0.60002,2024-12-09,1.09456,2024-12-09,1.19622,2024-12-09,0.30574
2024-12-10,2.89158,2024-12-10,0.73225,2024-12-10,1.12896,2024-12-10,1.19164,2024-12-10,0.32179
2024-12-11,2.66074,2024-12-11,0.71926,2024-12-11,1.13889,2024-12-11,1.18781,2024-12-11,0.33937
2024-12-12,2.73794,2024-12-12,0.76206,2024-12-12,1.10603,2024-12-12,1.21992,2024-12-12,0.32103
2024-12-13,2.76775,2024-12-13,0.74296,2024-12-13,1.07469,2024-12-13,1.2161,2024-12-13,0.33326
2024-12-14,2.71195,2024-12-14,0.905,2024-12-14,1.11902,2024-12-14,1.04564,2024-12-14,0.32791
2024-12-15,2.75629,2024-12-15,0.8729,2024-12-15,1.15189,2024-12-15,1.04259,2024-12-15,0.38753
2024-12-16,2.88699,2024-12-16,0.74831,2024-12-16,1.22985,2024-12-16,1.17329,2024-12-16,0.36918
2024-12-17,2.95196,2024-12-17,0.88895,2024-12-17,1.12208,2024-12-17,1.18629,2024-12-17,0.40664
2024-12-18,2.95884,2024-12-18,0.7376,2024-12-18,1.20692,2024-12-18,1.13049,2024-12-18,0.35695
2024-12-19,2.81056,2024-12-19,0.75901,2024-12-19,1.23291,2024-12-19,1.25278,2024-12-19,0.35695
2024-12-20,2.0011,2024-12-20,0.81939,2024-12-20,1.27266,2024-12-20,1.29406,2024-12-20,0.37377
2024-12-21,2.342,2024-12-21,0.89201,2024-12-21,1.43165,2024-12-21,1.16718,2024-12-21,0.38906
2024-12-22,2.48799,2024-12-22,0.91341,2024-12-22,1.48974,2024-12-22,2.15091,2024-12-22,0.3753
2024-12-23,2.15091,2024-12-23,0.70932,2024-12-23,1.47751,2024-12-23,1.79778,2024-12-23,0.43262
2024-12-24,2.21588,2024-12-24,0.78958,2024-12-24,1.75879,2024-12-24,1.66554,2024-12-24,0.70856
2024-12-25,2.06377,2024-12-25,1.03188,2024-12-25,1.62885,2024-12-25,1.4347,2024-12-25,0.63824
2024-12-26,1.57382,2024-12-26,0.6948,2024-12-26,1.14501,2024-12-26,1.36897,2024-12-26,0.39364
2024-12-27,1.70911,2024-12-27,0.7376,2024-12-27,1.12284,2024-12-27,1.36438,2024-12-27,0.35619
2024-12-28,2.3741,2024-12-28,0.89353,2024-12-28,2.06912,2024-12-28,1.28489,2024-12-28,0.41428
2024-12-29,1.72363,2024-12-29,0.91341,2024-12-29,1.54401,2024-12-29,1.12361,2024-12-29,0.48231
2024-12-30,1.65025,2024-12-30,0.72155,2024-12-30,1.37967,2024-12-30,1.24514,2024-12-30,0.2981
2024-12-31,1.6449,2024-12-31,0.82856,2024-12-31,1.44005,2024-12-31,1.19699,2024-12-31,0.36765
2025-01-01,1.86427,2025-01-01,0.99061,2025-01-01,1.30323,2025-01-01,1.12667,2025-01-01,0.3646
2025-01-02,1.59216,2025-01-02,0.65888,2025-01-02,1.14883,2025-01-02,1.18017,2025-01-02,0.33479
2025-01-03,1.64796,2025-01-03,0.70703,2025-01-03,1.18093,2025-01-03,1.21074,2025-01-03,0.32714
2025-01-04,1.78631,2025-01-04,0.93175,2025-01-04,1.15189,2025-01-04,1.22756,2025-01-04,0.39746
2025-01-05,1.823,2025-01-05,0.80181,2025-01-05,1.0487,2025-01-05,1.171,2025-01-05,0.32332
2025-01-06,1.48286,2025-01-06,0.57327,2025-01-06,1.13049,2025-01-06,1.18858,2025-01-06,0.31033
2025-01-07,1.74198,2025-01-07,0.66423,2025-01-07,1.13813,2025-01-07,1.60439,2025-01-07,0.28892
2025-01-08,1.79013,2025-01-08,0.67263,2025-01-08,1.07087,2025-01-08,1.50885,2025-01-08,0.31338
2025-01-09,4.30336,2025-01-09,0.62907,2025-01-09,1.14577,2025-01-09,1.35597,2025-01-09,0.27899
2025-01-10,2.50099,2025-01-10,0.67263,2025-01-10,1.15495,2025-01-10,1.36667,2025-01-10,0.28052
2025-01-11,2.05307,2025-01-11,0.94245,2025-01-11,1.19928,2025-01-11,1.52719,2025-01-11,0.32026
2025-01-12,2.39933,2025-01-12,0.94322,2025-01-12,1.20387,2025-01-12,1.34833,2025-01-12,0.41963
2025-01-13,1.9323,2025-01-13,0.63136,2025-01-13,1.17711,2025-01-13,1.24973,2025-01-13,0.26217
2025-01-14,1.943,2025-01-14,0.7185,2025-01-14,1.25966,2025-01-14,1.40871,2025-01-14,0.28434
2025-01-15,1.80313,2025-01-15,0.6841,2025-01-15,1.24438,2025-01-15,1.35292,2025-01-15,0.31415
2025-01-16,2.06607,2025-01-16,0.7185,2025-01-16,1.18629,2025-01-16,1.38502,2025-01-16,0.2981
2025-01-17,2.09129,2025-01-17,0.74219,2025-01-17,1.20234,2025-01-17,1.25355,2025-01-17,0.28357
2025-01-18,2.28085,2025-01-18,0.88818,2025-01-18,1.18934,2025-01-18,1.47063,2025-01-18,0.31109
2025-01-19,2.16926,2025-01-19,0.86372,2025-01-19,1.20692,2025-01-19,1.35827,2025-01-19,0.33784
2025-01-20,2.08365,2025-01-20,0.65964,2025-01-20,1.1259,2025-01-20,1.29941,2025-01-20,0.26446
2025-01-21,2.11881,2025-01-21,0.67722,2025-01-21,1.15724,2025-01-21,1.34909,2025-01-21,0.28587
2025-01-22,2.12186,2025-01-22,0.69862,2025-01-22,1.15877,2025-01-22,1.32158,2025-01-22,0.26294
2025-01-23,1.95676,2025-01-23,0.68716,2025-01-23,1.0831,2025-01-23,1.44235,2025-01-23,0.30039
2025-01-24,1.82529,2025-01-24,0.73225,2025-01-24,1.11826,2025-01-24,1.38655,2025-01-24,0.30115
2025-01-25,2.01256,2025-01-25,0.82092,2025-01-25,0.98832,2025-01-25,1.31317,2025-01-25,0.29963
2025-01-26,2.10428,2025-01-26,0.90576,2025-01-26,1.02883,2025-01-26,1.23138,2025-01-26,0.31415
2025-01-27,1.93154,2025-01-27,0.8171,2025-01-27,1.05482,2025-01-27,1.13584,2025-01-27,0.2981
2025-01-28,1.92925,2025-01-28,0.85608,2025-01-28,0.96997,2025-01-28,1.03571,2025-01-28,0.30345
2025-01-29,2.2327,2025-01-29,0.97761,2025-01-29,0.94857,2025-01-29,0.97226,2025-01-29,0.24383
2025-01-30,2.27015,2025-01-30,0.96386,2025-01-30,1.10373,2025-01-30,1.05787,2025-01-30,0.32179
2025-01-31,1.91014,2025-01-31,0.7292,2025-01-31,0.97074,2025-01-31,1.10908,2025-01-31,0.2744
2025-02-01,2.09817,2025-02-01,0.82398,2025-02-01,1.12437,2025-02-01,1.09915,2025-02-01,0.32103
2025-02-02,2.27932,2025-02-02,0.83315,2025-02-02,1.27724,2025-02-02,1.16794,2025-02-02,0.28281
2025-02-03,2.50787,2025-02-03,0.56792,2025-02-03,1.04411,2025-02-03,1.09609,2025-02-03,0.28434
2025-02-04,2.85336,2025-02-04,0.63289,2025-02-04,1.11291,2025-02-04,1.21227,2025-02-04,0.29504
2025-02-05,2.97336,2025-02-05,0.62907,2025-02-05,1.16335,2025-02-05,1.21686,2025-02-05,0.32332
2025-02-06,3.29669,2025-02-06,0.63518,2025-02-06,1.08539,2025-02-06,1.3812,2025-02-06,0.25453
2025-02-07,3.57721,2025-02-07,0.63289,2025-02-07,1.1259,2025-02-07,1.23979,2025-02-07,0.36612
2025-02-08,3.37389,2025-02-08,0.79722,2025-02-08,1.13125,2025-02-08,1.25202,2025-02-08,0.3646
2025-02-09,4.00373,2025-02-09,0.84385,2025-02-09,1.171,2025-02-09,1.2375,2025-02-09,0.35466
2025-02-10,5.29932,2025-02-10,0.59238,2025-02-10,1.23673,2025-02-10,1.37432,2025-02-10,0.32179
2025-02-11,5.08377,2025-02-11,0.66881,2025-02-11,1.18246,2025-02-11,1.46681,2025-02-11,0.3195
2025-02-12,4.54031,2025-02-12,0.63365,2025-02-12,1.39343,2025-02-12,1.43088,2025-02-12,0.35313
2025-02-13,4.64808,2025-02-13,0.66346,2025-02-13,1.30629,2025-02-13,1.60363,2025-02-13,0.35466
2025-02-14,5.54697,2025-02-14,0.67493,2025-02-14,1.26807,2025-02-14,1.78019,2025-02-14,0.41275
2025-02-15,3.38306,2025-02-15,0.76818,2025-02-15,1.14272,2025-02-15,1.40336,2025-02-15,0.34472
2025-02-16,2.85107,2025-02-16,0.82398,2025-02-16,1.15189,2025-02-16,1.25737,2025-02-16,0.35619
2025-02-17,2.36417,2025-02-17,0.63671,2025-02-17,1.14577,2025-02-17,1.39113,2025-02-17,0.3195
2025-02-18,2.44519,2025-02-18,0.63059,2025-02-18,1.19469,2025-02-18,1.70529,2025-02-18,0.31873
2025-02-19,2.31678,2025-02-19,0.63059,2025-02-19,1.11596,2025-02-19,1.47292,2025-02-19,0.30574
2025-02-20,2.29079,2025-02-20,0.70015,2025-02-20,1.158,2025-02-20,1.54171,2025-02-20,0.32791
2025-02-21,2.31754,2025-02-21,0.70397,2025-02-21,1.40184,2025-02-21,1.49585,2025-02-21,0.33249
2025-02-22,3.72932,2025-02-22,0.86525,2025-02-22,1.40031,2025-02-22,1.39266,2025-02-22,0.32867
2025-02-23,2.9833,2025-02-23,0.85226,2025-02-23,1.31393,2025-02-23,1.30094,2025-02-23,0.32944
2025-02-24,2.209,2025-02-24,0.65352,2025-02-24,1.17329,2025-02-24,1.33763,2025-02-24,0.29427
2025-02-25,2.01485,2025-02-25,0.772,2025-02-25,1.19087,2025-02-25,1.32693,2025-02-25,0.30039
2025-02-26,2.13257,2025-02-26,0.70397,2025-02-26,1.19622,2025-02-26,1.34298,2025-02-26,0.28434
2025-02-27,1.94453,2025-02-27,0.7185,2025-02-27,1.14807,2025-02-27,1.35292,2025-02-27,0.27822
2025-02-28,1.83217,2025-02-28,0.7292,2025-02-28,1.1603,2025-02-28,1.3361,2025-02-28,0.28204
2025-03-01,1.84058,2025-03-01,1.12819,2025-03-01,1.17941,2025-03-01,1.23062,2025-03-01,0.32867
2025-03-02,2.05078,2025-03-02,1.02577,2025-03-02,1.19393,2025-03-02,1.18323,2025-03-02,0.8492
2025-03-03,1.98046,2025-03-03,0.96921,2025-03-03,1.14883,2025-03-03,1.17941,2025-03-03,0.73073
2025-03-04,1.7328,2025-03-04,0.58855,2025-03-04,1.01201,2025-03-04,1.09533,2025-03-04,0.4311
2025-03-05,1.73586,2025-03-05,0.62983,2025-03-05,0.97074,2025-03-05,1.21915,2025-03-05,0.4418
2025-03-06,1.71293,2025-03-06,0.64435,2025-03-06,1.05176,2025-03-06,1.24438,2025-03-06,0.3623
2025-03-07,1.80848,2025-03-07,0.66575,2025-03-07,1.05864,2025-03-07,1.33075,2025-03-07,0.37224
2025-03-08,1.99192,2025-03-08,0.86143,2025-03-08,1.16794,2025-03-08,1.304,2025-03-08,0.40434
2025-03-09,2.36723,2025-03-09,0.8836,2025-03-09,1.14577,2025-03-09,1.34833,2025-03-09,0.50982
2025-03-10,2.57207,2025-03-10,0.61301,2025-03-10,1.02271,2025-03-10,1.41712,2025-03-10,0.34243
2025-03-11,2.60418,2025-03-11,0.72308,2025-03-11,1.15342,2025-03-11,1.41559,2025-03-11,0.41657
2025-03-12,2.42302,2025-03-12,0.76436,2025-03-12,1.14807,2025-03-12,1.35139,2025-03-12,0.38294
2025-03-13,2.53386,2025-03-13,0.70856,2025-03-13,1.171,2025-03-13,1.48744,2025-03-13,0.37759
2025-03-14,2.81743,2025-03-14,0.73378,2025-03-14,1.20387,2025-03-14,1.7114,2025-03-14,0.43721
2025-03-15,1.91625,2025-03-15,0.88513,2025-03-15,1.09915,2025-03-15,1.33381,2025-03-15,0.43262
2025-03-16,2.03014,2025-03-16,0.87595,2025-03-16,1.20157,2025-03-16,1.30476,2025-03-16,0.42957
2025-03-17,1.7779,2025-03-17,0.60308,2025-03-17,1.05023,2025-03-17,1.36897,2025-03-17,0.27058
2025-03-18,1.61662,2025-03-18,0.61607,2025-03-18,1.13278,2025-03-18,1.35903,2025-03-18,0.34166
2025-03-19,1.62885,2025-03-19,0.66575,2025-03-19,1.10068,2025-03-19,1.36362,2025-03-19,0.34319
2025-03-20,1.57917,2025-03-20,0.67798,2025-03-20,1.16718,2025-03-20,1.31317,2025-03-20,0.59696
2025-03-21,1.43852,2025-03-21,0.74754,2025-03-21,1.06246,2025-03-21,1.2826,2025-03-21,0.29657
2025-03-22,1.38731,2025-03-22,0.8599,2025-03-22,1.08845,2025-03-22,1.14654,2025-03-22,0.32791
2025-03-23,1.54019,2025-03-23,0.9264,2025-03-23,1.1045,2025-03-23,1.11596,2025-03-23,0.35772
2025-03-24,1.47369,2025-03-24,0.63824,2025-03-24,1.1045,2025-03-24,1.18552,2025-03-24,0.29963
2025-03-25,1.41177,2025-03-25,0.81098,2025-03-25,1.10297,2025-03-25,1.18781,2025-03-25,0.34319
2025-03-26,1.23979,2025-03-26,0.70397,2025-03-26,1.02653,2025-03-26,1.18323,2025-03-26,0.26523
2025-03-27,1.24514,2025-03-27,0.68028,2025-03-27,1.11826,2025-03-27,1.22909,2025-03-27,0.30039
2025-03-28,1.25508,2025-03-28,0.73455,2025-03-28,1.16718,2025-03-28,1.25508,2025-03-28,0.3302
2025-03-29,1.37738,2025-03-29,0.78958,2025-03-29,1.06017,2025-03-29,1.18858,2025-03-29,0.40511
2025-03-30,1.46528,2025-03-30,0.81633,2025-03-30,1.12896,2025-03-30,1.20616,2025-03-30,0.3516
2025-03-31,1.24361,2025-03-31,0.59773,2025-03-31,1.02271,2025-03-31,1.22221,2025-03-31,0.27822
2025-04-01,1.19316,2025-04-01,0.65658,2025-04-01,1.00284,2025-04-01,1.14425,2025-04-01,0.30574
2025-04-02,1.2352,2025-04-02,0.66575,2025-04-02,1.13202,2025-04-02,1.18629,2025-04-02,0.27211
2025-04-03,1.24667,2025-04-03,0.66193,2025-04-03,1.02042,2025-04-03,1.30247,2025-04-03,0.27134
2025-04-04,1.27113,2025-04-04,0.69327,2025-04-04,1.08692,2025-04-04,1.27266,2025-04-04,0.29657
2025-04-05,1.4133,2025-04-05,0.82245,2025-04-05,1.10603,2025-04-05,1.22145,2025-04-05,0.33326
2025-04-06,1.36515,2025-04-06,0.88742,2025-04-06,1.07851,2025-04-06,1.158,2025-04-06,0.29275
2025-04-07,1.2375,2025-04-07,0.6413,2025-04-07,1.10832,2025-04-07,1.22756,2025-04-07,0.24994
2025-04-08,1.16412,2025-04-08,0.64817,2025-04-08,1.14042,2025-04-08,1.21992,2025-04-08,0.25682
2025-04-09,1.25202,2025-04-09,0.68257,2025-04-09,1.15571,2025-04-09,1.31928,2025-04-09,0.3088
2025-04-10,1.25126,2025-04-10,0.69939,2025-04-10,1.02959,2025-04-10,1.25126,2025-04-10,0.25759
2025-04-11,1.23597,2025-04-11,0.77124,2025-04-11,1.02042,2025-04-11,1.33151,2025-04-11,0.26294
2025-04-12,1.4798,2025-04-12,0.76818,2025-04-12,1.19928,2025-04-12,1.28947,2025-04-12,0.32408
2025-04-13,1.54324,2025-04-13,0.76206,2025-04-13,1.34986,2025-04-13,1.31928,2025-04-13,0.33937
2025-04-14,1.50273,2025-04-14,0.6283,2025-04-14,1.11749,2025-04-14,1.31928,2025-04-14,0.2981
2025-04-15,1.43241,2025-04-15,0.67416,2025-04-15,1.1473,2025-04-15,1.36209,2025-04-15,0.29351
2025-04-16,1.42171,2025-04-16,0.72537,2025-04-16,1.10221,2025-04-16,1.34527,2025-04-16,0.27593
2025-04-17,1.26043,2025-04-17,0.64053,2025-04-17,1.09762,2025-04-17,1.38655,2025-04-17,0.27975
2025-04-18,1.31317,2025-04-18,0.77964,2025-04-18,1.11367,2025-04-18,1.27724,2025-04-18,0.23924
2025-04-19,1.43929,2025-04-19,0.8492,2025-04-19,1.03418,2025-04-19,1.23979,2025-04-19,0.27211
2025-04-20,1.61204,2025-04-20,0.81786,2025-04-20,1.02653,2025-04-20,1.30094,2025-04-20,0.26294
2025-04-21,1.90249,2025-04-21,0.6734,2025-04-21,0.99596,2025-04-21,1.36209,2025-04-21,0.25376
2025-04-22,1.39801,2025-04-22,0.66117,2025-04-22,1.00742,2025-04-22,1.35062,2025-04-22,0.2423
2025-04-23,1.43929,2025-04-23,1.04411,2025-04-23,1.03112,2025-04-23,1.32387,2025-04-23,0.2293
2025-04-24,1.35292,2025-04-24,0.80945,2025-04-24,1.05023,2025-04-24,1.32999,2025-04-24,0.26064
2025-04-25,1.7672,2025-04-25,0.76665,2025-04-25,1.13507,2025-04-25,1.35139,2025-04-25,0.25835
2025-04-26,1.56235,2025-04-26,0.86908,2025-04-26,0.93022,2025-04-26,1.23903,2025-04-26,0.28663
2025-04-27,1.60592,2025-04-27,0.80869,2025-04-27,1.04259,2025-04-27,1.17635,2025-04-27,0.2744
2025-04-28,1.56694,2025-04-28,0.61531,2025-04-28,0.99672,2025-04-28,1.26578,2025-04-28,0.24918
2025-04-29,1.4454,2025-04-29,0.64817,2025-04-29,1.0059,2025-04-29,1.26043,2025-04-29,0.2209
2025-04-30,1.30705,2025-04-30,0.77506,2025-04-30,1.05176,2025-04-30,1.26501,2025-04-30,0.24306
2025-05-01,1.4691,2025-05-01,0.70856,2025-05-01,0.96768,2025-05-01,1.17329,2025-05-01,0.25759
2025-05-02,1.39343,2025-05-02,0.69709,2025-05-02,1.05864,2025-05-02,1.18705,2025-05-02,0.26064
2025-05-03,1.51955,2025-05-03,0.83009,2025-05-03,1.02195,2025-05-03,1.18858,2025-05-03,0.28587
2025-05-04,1.3812,2025-05-04,1.02806,2025-05-04,0.9608,2025-05-04,1.14425,2025-05-04,0.28204
2025-05-05,1.54554,2025-05-05,0.94016,2025-05-05,1.06628,2025-05-05,1.1366,2025-05-05,0.33479
2025-05-06,1.61891,2025-05-06,0.94475,2025-05-06,1.10144,2025-05-06,1.17941,2025-05-06,0.42116
2025-05-07,1.3789,2025-05-07,0.53963,2025-05-07,1.05099,2025-05-07,1.24514,2025-05-07,0.29045
2025-05-08,1.44158,2025-05-08,0.72079,2025-05-08,1.12131,2025-05-08,1.20463,2025-05-08,0.32332
2025-05-09,1.40795,2025-05-09,0.63671,2025-05-09,1.06246,2025-05-09,1.32846,2025-05-09,0.30956
2025-05-10,1.63114,2025-05-10,0.78652,2025-05-10,1.16641,2025-05-10,1.32311,2025-05-10,0.50524
2025-05-11,1.49891,2025-05-11,0.79722,2025-05-11,1.18399,2025-05-11,1.28183,2025-05-11,0.33173
2025-05-12,1.39266,2025-05-12,0.57862,2025-05-12,1.19087,2025-05-12,1.28412,2025-05-12,0.28204
2025-05-13,1.53178,2025-05-13,0.64053,2025-05-13,1.16183,2025-05-13,1.34298,2025-05-13,0.2316
2025-05-14,1.30094,2025-05-14,0.70856,2025-05-14,1.22068,2025-05-14,1.52719,2025-05-14,0.29275
2025-05-15,1.40795,2025-05-15,0.70244,2025-05-15,1.39954,2025-05-15,1.70299,2025-05-15,0.29886
2025-05-16,1.43088,2025-05-16,0.64894,2025-05-16,1.11673,2025-05-16,1.54401,2025-05-16,0.28892
2025-05-17,1.39496,2025-05-17,0.81481,2025-05-17,1.11749,2025-05-17,1.33686,2025-05-17,0.25376
2025-05-18,1.54095,2025-05-18,0.83086,2025-05-18,1.10832,2025-05-18,1.21992,2025-05-18,0.28663
2025-05-19,1.49662,2025-05-19,0.52435,2025-05-19,1.06246,2025-05-19,1.2696,2025-05-19,0.23236
2025-05-20,1.29482,2025-05-20,0.63594,2025-05-20,1.18705,2025-05-20,1.27724,2025-05-20,0.25759
2025-05-21,1.33381,2025-05-21,0.66881,2025-05-21,1.08004,2025-05-21,1.24743,2025-05-21,0.25529
2025-05-22,1.31317,2025-05-22,0.60002,2025-05-22,1.09074,2025-05-22,1.25814,2025-05-22,0.24612
2025-05-23,1.24056,2025-05-23,0.63977,2025-05-23,1.71981,2025-05-23,1.25431,2025-05-23,0.27058
2025-05-24,1.37355,2025-05-24,0.76054,2025-05-24,2.51398,2025-05-24,1.20845,2025-05-24,0.30498
2025-05-25,1.30094,2025-05-25,0.77659,2025-05-25,2.13639,2025-05-25,1.17176,2025-05-25,0.27669
2025-05-26,1.26043,2025-05-26,0.54575,2025-05-26,1.61815,2025-05-26,1.17329,2025-05-26,0.28052
2025-05-27,1.16718,2025-05-27,0.68028,2025-05-27,1.43623,2025-05-27,1.36591,2025-05-27,0.27211
2025-05-28,1.27954,2025-05-28,0.62448,2025-05-28,1.37279,2025-05-28,1.23215,2025-05-28,0.24994
2025-05-29,1.20387,2025-05-29,0.63824,2025-05-29,1.34451,2025-05-29,1.24361,2025-05-29,0.25682
2025-05-30,1.14348,2025-05-30,0.67187,2025-05-30,1.31928,2025-05-30,1.1045,2025-05-30,0.23007
2025-05-31,1.18705,2025-05-31,0.7376,2025-05-31,1.36591,2025-05-31,1.10526,2025-05-31,0.26064
2025-06-01,1.2933,2025-06-01,0.75901,2025-06-01,1.25737,2025-06-01,1.00666,2025-06-01,0.2851
2025-06-02,1.57993,2025-06-02,0.60919,2025-06-02,1.28718,2025-06-02,1.04029,2025-06-02,0.25376
2025-06-03,1.83599,2025-06-03,0.8064,2025-06-03,1.33992,2025-06-03,1.01736,2025-06-03,0.24918
2025-06-04,1.21304,2025-06-04,0.60461,2025-06-04,1.02806,2025-06-04,1.03188,2025-06-04,0.22548
2025-06-05,1.30935,2025-06-05,0.57556,2025-06-05,1.07698,2025-06-05,1.07163,2025-06-05,0.24077
2025-06-06,1.40413,2025-06-06,0.73073,2025-06-06,1.19928,2025-06-06,1.0831,2025-06-06,0.27058
2025-06-07,1.39266,2025-06-07,0.78805,2025-06-07,1.27342,2025-06-07,1.03723,2025-06-07,0.26752
2025-06-08,1.47521,2025-06-08,0.75977,2025-06-08,1.32234,2025-06-08,0.99978,2025-06-08,0.28128
2025-06-09,1.31546,2025-06-09,0.54422,2025-06-09,1.55165,2025-06-09,1.00284,2025-06-09,0.21249
2025-06-10,1.5249,2025-06-10,0.55951,2025-06-10,1.23979,2025-06-10,1.09303,2025-06-10,0.21478
2025-06-11,1.44617,2025-06-11,0.62448,2025-06-11,1.17329,2025-06-11,1.17558,2025-06-11,0.2874
2025-06-12,1.48362,2025-06-12,0.58244,2025-06-12,1.25584,2025-06-12,1.14348,2025-06-12,0.22166
2025-06-13,1.45228,2025-06-13,0.63212,2025-06-13,1.4691,2025-06-13,1.171,2025-06-13,0.21784
2025-06-14,1.48668,2025-06-14,0.71467,2025-06-14,1.58223,2025-06-14,1.07316,2025-06-14,0.24612
2025-06-15,1.48286,2025-06-15,0.70932,2025-06-15,1.64796,2025-06-15,1.01583,2025-06-15,0.28281
2025-06-16,1.39113,2025-06-16,0.55034,2025-06-16,1.23138,2025-06-16,1.16871,2025-06-16,0.24306
2025-06-17,1.51573,2025-06-17,0.60919,2025-06-17,1.26731,2025-06-17,1.25049,2025-06-17,0.42345
2025-06-18,1.39954,2025-06-18,0.58397,2025-06-18,1.2826,2025-06-18,1.18552,2025-06-18,0.24994
2025-06-19,1.39801,2025-06-19,0.6413,2025-06-19,1.25355,2025-06-19,1.16259,2025-06-19,0.24688
2025-06-20,1.46146,2025-06-20,0.55722,2025-06-20,1.18246,2025-06-20,1.10526,2025-06-20,0.2637
2025-06-21,1.60898,2025-06-21,0.70397,2025-06-21,1.26884,2025-06-21,1.09303,2025-06-21,0.27899
2025-06-22,1.59675,2025-06-22,0.73225,2025-06-22,1.23368,2025-06-22,1.12437,2025-06-22,0.27899
2025-06-23,1.34069,2025-06-23,0.51747,2025-06-23,1.73739,2025-06-23,1.07851,2025-06-23,0.2209
2025-06-24,1.45687,2025-06-24,0.54269,2025-06-24,1.2589,2025-06-24,1.19469,2025-06-24,0.25835
2025-06-25,1.424,2025-06-25,0.59696,2025-06-25,1.2826,2025-06-25,1.12284,2025-06-25,0.23771
2025-06-26,1.47751,2025-06-26,0.58091,2025-06-26,1.2245,2025-06-26,1.17864,2025-06-26,0.22166
2025-06-27,1.39343,2025-06-27,0.62754,2025-06-27,1.21686,2025-06-27,1.14119,2025-06-27,0.19491
2025-06-28,1.52643,2025-06-28,0.68181,2025-06-28,1.1817,2025-06-28,1.00819,2025-06-28,0.20408
2025-06-29,1.85128,2025-06-29,0.71391,2025-06-29,1.44693,2025-06-29,1.03723,2025-06-29,0.24994
2025-06-30,1.54019,2025-06-30,0.53734,2025-06-30,1.12819,2025-06-30,1.0594,2025-06-30,0.21096
2025-07-01,1.55165,2025-07-01,0.50906,2025-07-01,1.13202,2025-07-01,1.19699,2025-07-01,0.22242
2025-07-02,1.47674,2025-07-02,0.5748,2025-07-02,1.11826,2025-07-02,1.18093,2025-07-02,0.18879
2025-07-03,1.59904,2025-07-03,0.57327,2025-07-03,1.1473,2025-07-03,1.21227,2025-07-03,0.23618
2025-07-04,1.51802,2025-07-04,0.56104,2025-07-04,1.06628,2025-07-04,1.23368,2025-07-04,0.20408
2025-07-05,1.51878,2025-07-05,0.72996,2025-07-05,1.10526,2025-07-05,1.18858,2025-07-05,0.21707
2025-07-06,1.61662,2025-07-06,0.70932,2025-07-06,1.24208,2025-07-06,1.15418,2025-07-06,0.23236
2025-07-07,1.57305,2025-07-07,0.49759,2025-07-07,1.01813,2025-07-07,2.56443,2025-07-07,0.23542
2025-07-08,1.64567,2025-07-08,0.55339,2025-07-08,1.08004,2025-07-08,1.20922,2025-07-08,0.23083
2025-07-09,1.53483,2025-07-09,0.6069,2025-07-09,1.03647,2025-07-09,1.16565,2025-07-09,0.20943
2025-07-10,1.72287,2025-07-10,0.60078,2025-07-10,1.06017,2025-07-10,1.13431,2025-07-10,0.21096
2025-07-11,1.43852,2025-07-11,0.56792,2025-07-11,1.15877,2025-07-11,1.16718,2025-07-11,0.3516
2025-07-12,1.57458,2025-07-12,0.7162,2025-07-12,1.13584,2025-07-12,1.04182,2025-07-12,0.42192
2025-07-13,1.61204,2025-07-13,0.66193,2025-07-13,1.35903,2025-07-13,1.04106,2025-07-13,0.42422
2025-07-14,1.56617,2025-07-14,0.49224,2025-07-14,1.17406,2025-07-14,1.08845,2025-07-14,0.23542
2025-07-15,1.60133,2025-07-15,0.54499,2025-07-15,1.19469,2025-07-15,1.18552,2025-07-15,0.29427
2025-07-16,1.74351,2025-07-16,0.56486,2025-07-16,1.2589,2025-07-16,1.27419,2025-07-16,0.2293
2025-07-17,1.89179,2025-07-17,0.53123,2025-07-17,1.16335,2025-07-17,1.24591,2025-07-17,0.24994
2025-07-18,1.72057,2025-07-18,0.60843,2025-07-18,1.17558,2025-07-18,1.21533,2025-07-18,0.24918
2025-07-19,1.68847,2025-07-19,0.65658,2025-07-19,1.21992,2025-07-19,1.12284,2025-07-19,0.35313
2025-07-20,1.64949,2025-07-20,0.74372,2025-07-20,1.2031,2025-07-20,1.13278,2025-07-20,0.24077
2025-07-21,1.55394,2025-07-21,0.55645,2025-07-21,1.20769,2025-07-21,0.96003,2025-07-21,0.22242
2025-07-22,1.63726,2025-07-22,0.5832,2025-07-22,1.09609,2025-07-22,1.10221,2025-07-22,0.19567
2025-07-23,1.46986,2025-07-23,0.59085,2025-07-23,1.06246,2025-07-23,1.10756,2025-07-23,0.22625
2025-07-24,1.57076,2025-07-24,0.60537,2025-07-24,1.00513,2025-07-24,1.12055,2025-07-24,0.24
2025-07-25,1.44846,2025-07-25,0.62142,2025-07-25,1.04641,2025-07-25,1.07163,2025-07-25,0.22242
2025-07-26,1.42782,2025-07-26,0.72079,2025-07-26,1.04335,2025-07-26,0.94857,2025-07-26,0.25911
2025-07-27,1.52337,2025-07-27,0.69556,2025-07-27,1.05482,2025-07-27,1.05864,2025-07-27,0.23542
2025-07-28,1.51267,2025-07-28,0.52129,2025-07-28,1.01813,2025-07-28,1.02806,2025-07-28,0.21784
2025-07-29,1.56541,2025-07-29,0.60002,2025-07-29,1.09456,2025-07-29,1.15342,2025-07-29,0.24153
2025-07-30,1.50502,2025-07-30,0.60231,2025-07-30,1.0143,2025-07-30,1.08539,2025-07-30,0.22166
2025-07-31,1.67242,2025-07-31,0.66652,2025-07-31,1.06169,2025-07-31,1.08921,2025-07-31,0.22242
2025-08-01,1.5807,2025-08-01,0.62754,2025-08-01,1.13507,2025-08-01,1.08386,2025-08-01,0.24153
2025-08-02,1.61509,2025-08-02,0.73837,2025-08-02,1.17941,2025-08-02,0.99978,2025-08-02,0.27593
2025-08-03,2.38098,2025-08-03,0.71009,2025-08-03,1.27113,2025-08-03,0.97685,2025-08-03,0.27287
2025-08-04,1.89332,2025-08-04,0.6734,2025-08-04,1.21992,2025-08-04,1.17558,2025-08-04,0.23542
2025-08-05,1.77102,2025-08-05,0.6497,2025-08-05,1.29024,2025-08-05,1.11444,2025-08-05,0.26064
2025-08-06,2.32748,2025-08-06,0.5962,2025-08-06,1.27419,2025-08-06,1.19087,2025-08-06,0.29504
2025-08-07,2.06377,2025-08-07,0.64053,2025-08-07,1.30782,2025-08-07,1.0831,2025-08-07,0.25376
2025-08-08,1.91243,2025-08-08,0.66575,2025-08-08,1.16947,2025-08-08,1.17023,2025-08-08,0.20332
2025-08-09,1.91319,2025-08-09,0.82856,2025-08-09,1.28947,2025-08-09,1.14348,2025-08-09,0.27058
2025-08-10,2.26557,2025-08-10,0.73149,2025-08-10,1.291,2025-08-10,1.14501,2025-08-10,0.2874
2025-08-11,2.37258,2025-08-11,0.57938,2025-08-11,1.19775,2025-08-11,1.2589,2025-08-11,0.23695
2025-08-12,2.38633,2025-08-12,0.58167,2025-08-12,1.27266,2025-08-12,1.15342,2025-08-12,0.24688
2025-08-13,2.32748,2025-08-13,0.64206,2025-08-13,1.20539,2025-08-13,1.21839,2025-08-13,0.24383
2025-08-14,2.40774,2025-08-14,0.66499,2025-08-14,1.20387,2025-08-14,1.24132,2025-08-14,0.31262
2025-08-15,2.30455,2025-08-15,0.84309,2025-08-15,1.21762,2025-08-15,1.09762,2025-08-15,0.52129
2025-08-16,2.0225,2025-08-16,0.90118,2025-08-16,1.33992,2025-08-16,1.22603,2025-08-16,0.41581
2025-08-17,2.38786,2025-08-17,0.75213,2025-08-17,1.23138,2025-08-17,1.0701,2025-08-17,0.33249
2025-08-18,2.38098,2025-08-18,0.519,2025-08-18,1.18934,2025-08-18,1.11214,2025-08-18,0.23007
2025-08-19,2.31448,2025-08-19,0.56409,2025-08-19,1.21686,2025-08-19,1.17329,2025-08-19,0.28357
2025-08-20,2.13945,2025-08-20,0.61684,2025-08-20,1.21304,2025-08-20,1.24438,2025-08-20,0.26599
2025-08-21,4.32323,2025-08-21,0.61378,2025-08-21,1.22068,2025-08-21,1.28871,2025-08-21,0.25759
2025-08-22,4.22998,2025-08-22,0.62754,2025-08-22,1.17864,2025-08-22,1.21915,2025-08-22,0.24536
2025-08-23,5.81832,2025-08-23,0.72002,2025-08-23,1.18476,2025-08-23,1.12743,2025-08-23,0.28969
2025-08-24,4.65343,2025-08-24,0.75213,2025-08-24,1.28718,2025-08-24,1.18934,2025-08-24,0.27058
2025-08-25,3.58944,2025-08-25,0.60308,2025-08-25,1.17635,2025-08-25,1.20692,2025-08-25,0.23695
2025-08-26,4.43024,2025-08-26,0.58091,2025-08-26,1.25126,2025-08-26,1.22756,2025-08-26,0.26294
2025-08-27,3.32879,2025-08-27,0.61531,2025-08-27,1.27037,2025-08-27,1.26578,2025-08-27,0.25147
2025-08-28,3.85085,2025-08-28,1.07316,2025-08-28,1.28947,2025-08-28,1.32311,2025-08-28,0.24383
2025-08-29,3.69874,2025-08-29,0.74448,2025-08-29,1.28565,2025-08-29,1.17329,2025-08-29,0.24383
2025-08-30,3.47249,2025-08-30,0.80181,2025-08-30,1.26196,2025-08-30,1.13966,2025-08-30,0.29045
2025-08-31,4.33775,2025-08-31,0.76054,2025-08-31,1.24591,2025-08-31,1.01048,2025-08-31,0.3088
2025-09-01,4.08551,2025-09-01,0.55798,2025-09-01,1.18781,2025-09-01,1.15571,2025-09-01,0.28128
2025-09-02,3.792,2025-09-02,0.58703,2025-09-02,1.29253,2025-09-02,1.22756,2025-09-02,0.26752
2025-09-03,3.35096,2025-09-03,0.58932,2025-09-03,1.25508,2025-09-03,1.11138,2025-09-03,0.27822
2025-09-04,3.69951,2025-09-04,0.57785,2025-09-04,1.24056,2025-09-04,1.28718,2025-09-04,0.23465
2025-09-05,4.03583,2025-09-05,0.63977,2025-09-05,1.27419,2025-09-05,1.24591,2025-09-05,0.26217
2025-09-06,3.50154,2025-09-06,0.65735,2025-09-06,1.29177,2025-09-06,1.10679,2025-09-06,0.31873
2025-09-07,3.80117,2025-09-07,0.68869,2025-09-07,1.40566,2025-09-07,1.18399,2025-09-07,0.34014
2025-09-08,3.51988,2025-09-08,0.59467,2025-09-08,1.30094,2025-09-08,1.22297,2025-09-08,0.32332
2025-09-09,3.82869,2025-09-09,0.57021,2025-09-09,1.24896,2025-09-09,1.32081,2025-09-09,0.27287
2025-09-10,3.54129,2025-09-10,0.5855,2025-09-10,1.31393,2025-09-10,1.4691,2025-09-10,0.26523
2025-09-11,3.25541,2025-09-11,0.58932,2025-09-11,1.25966,2025-09-11,1.45611,2025-09-11,0.25147
2025-09-12,3.39529,2025-09-12,0.63212,2025-09-12,1.2245,2025-09-12,1.2803,2025-09-12,0.24459
2025-09-13,3.02381,2025-09-13,0.76818,2025-09-13,1.34145,2025-09-13,1.30705,2025-09-13,0.32485
2025-09-14,3.04063,2025-09-14,0.72155,2025-09-14,1.23673,2025-09-14,1.27495,2025-09-14,0.27364
2025-09-15,4.53572,2025-09-15,0.61531,2025-09-15,1.18399,2025-09-15,1.39572,2025-09-15,0.23465
2025-09-16,5.39257,2025-09-16,0.60766,2025-09-16,1.19622,2025-09-16,1.36362,2025-09-16,0.21478
2025-09-17,4.90262,2025-09-17,0.6283,2025-09-17,1.20387,2025-09-17,1.57382,2025-09-17,0.22472
2025-09-18,4.17953,2025-09-18,0.60231,2025-09-18,1.17788,2025-09-18,1.61204,2025-09-18,0.2637
2025-09-19,3.86079,2025-09-19,0.61684,2025-09-19,1.20692,2025-09-19,1.42171,2025-09-19,0.23007
2025-09-20,3.59403,2025-09-20,0.69098,2025-09-20,1.24667,2025-09-20,1.38273,2025-09-20,0.27746
2025-09-21,3.86614,2025-09-21,0.73531,2025-09-21,1.18629,2025-09-21,1.26196,2025-09-21,0.24688
2025-09-22,4.3454,2025-09-22,0.54116,2025-09-22,1.18705,2025-09-22,1.29788,2025-09-22,0.23236
2025-09-23,4.29113,2025-09-23,0.60613,2025-09-23,1.25737,2025-09-23,1.33916,2025-09-23,0.23007
2025-09-24,4.21698,2025-09-24,0.57097,2025-09-24,1.22297,2025-09-24,1.39113,2025-09-24,0.24153
2025-09-25,4.18488,2025-09-25,0.60996,2025-09-25,1.1817,2025-09-25,1.42859,2025-09-25,0.23542
2025-09-26,3.64906,2025-09-26,0.59696,2025-09-26,1.11367,2025-09-26,1.44082,2025-09-26,0.22472
2025-09-27,3.14152,2025-09-27,0.69174,2025-09-27,1.20463,2025-09-27,1.27189,2025-09-27,0.22166
2025-09-28,3.96245,2025-09-28,0.6734,2025-09-28,1.24591,2025-09-28,1.27572,2025-09-28,0.24841
2025-09-29,3.79353,2025-09-29,0.52741,2025-09-29,1.14119,2025-09-29,1.36132,2025-09-29,0.22242
2025-09-30,3.82639,2025-09-30,0.62371,2025-09-30,1.1496,2025-09-30,1.34909,2025-09-30,0.2293
2025-10-01,3.63148,2025-10-01,0.56486,2025-10-01,1.13125,2025-10-01,1.43776,2025-10-01,0.22854
2025-10-02,3.45262,2025-10-02,0.60384,2025-10-02,1.13278,2025-10-02,1.40871,2025-10-02,0.21784
2025-10-03,3.74002,2025-10-03,0.69404,2025-10-03,1.20692,2025-10-03,1.27877,2025-10-03,0.26217
2025-10-04,3.77518,2025-10-04,0.77047,2025-10-04,1.16259,2025-10-04,1.17406,2025-10-04,0.21478
2025-10-05,3.88831,2025-10-05,0.76894,2025-10-05,1.171,2025-10-05,1.12131,2025-10-05,0.21019
2025-10-06,4.25902,2025-10-06,0.89583,2025-10-06,1.08615,2025-10-06,1.10373,2025-10-06,0.23389
2025-10-07,4.47992,2025-10-07,0.97761,2025-10-07,1.26884,2025-10-07,1.09609,2025-10-07,0.27364
2025-10-08,4.21851,2025-10-08,0.88054,2025-10-08,1.22985,2025-10-08,1.23444,2025-10-08,0.253
2025-10-09,4.09698,2025-10-09,0.78117,2025-10-09,1.21686,2025-10-09,1.20004,2025-10-09,0.27822
2025-10-10,4.86745,2025-10-10,0.58473,2025-10-10,1.21151,2025-10-10,1.16412,2025-10-10,0.25147
2025-10-11,5.07842,2025-10-11,0.72308,2025-10-11,1.27113,2025-10-11,1.18552,2025-10-11,0.33096
2025-10-12,5.08683,2025-10-12,0.67111,2025-10-12,1.23826,2025-10-12,1.20081,2025-10-12,0.36689
2025-10-13,5.67921,2025-10-13,0.45861,2025-10-13,1.18629,2025-10-13,1.20845,2025-10-13,0.2637
2025-10-14,5.75947,2025-10-14,0.55569,2025-10-14,1.2031,2025-10-14,1.23826,2025-10-14,0.25759
2025-10-15,5.93221,2025-10-15,0.57632,2025-10-15,1.13125,2025-10-15,1.19393,2025-10-15,0.25147
2025-10-16,6.29299,2025-10-16,0.5962,2025-10-16,1.2352,2025-10-16,1.25966,2025-10-16,0.25606
2025-10-17,6.08661,2025-10-17,0.61148,2025-10-17,1.08615,2025-10-17,1.2161,2025-10-17,0.27593
2025-10-18,5.93145,2025-10-18,0.73073,2025-10-18,1.22145,2025-10-18,1.19775,2025-10-18,0.26905
2025-10-19,6.3893,2025-10-19,0.68104,2025-10-19,1.25508,2025-10-19,1.20692,2025-10-19,0.24918
2025-10-20,6.35108,2025-10-20,0.52358,2025-10-20,1.11138,2025-10-20,1.24361,2025-10-20,0.26294
2025-10-21,6.59491,2025-10-21,0.58167,2025-10-21,1.11826,2025-10-21,1.23062,2025-10-21,0.30574
2025-10-22,6.19592,2025-10-22,0.56792,2025-10-22,1.17482,2025-10-22,1.22985,2025-10-22,0.26217
2025-10-23,6.31134,2025-10-23,0.57097,2025-10-23,1.21686,2025-10-23,1.38961,2025-10-23,0.26599
2025-10-24,6.01323,2025-10-24,0.60308,2025-10-24,1.14195,2025-10-24,1.30094,2025-10-24,0.26905
2025-10-25,6.17528,2025-10-25,0.74831,2025-10-25,1.12819,2025-10-25,1.20539,2025-10-25,0.32867
2025-10-26,7.05353,2025-10-26,0.67722,2025-10-26,1.16106,2025-10-26,1.25508,2025-10-26,0.32561
2025-10-27,7.54196,2025-10-27,0.54193,2025-10-27,1.20387,2025-10-27,1.27648,2025-10-27,0.24077
2025-10-28,7.29278,2025-10-28,0.57174,2025-10-28,1.25278,2025-10-28,1.41254,2025-10-28,0.29504
2025-10-29,7.70095,2025-10-29,0.59926,2025-10-29,1.17482,2025-10-29,1.37738,2025-10-29,0.23313
2025-10-30,7.47852,2025-10-30,0.53123,2025-10-30,1.14883,2025-10-30,1.57305,2025-10-30,0.26294
2025-10-31,6.81964,2025-10-31,0.54651,2025-10-31,1.13966,2025-10-31,1.41177,2025-10-31,0.28969
2025-11-01,7.04742,2025-11-01,0.67569,2025-11-01,1.21304,2025-11-01,1.28412,2025-11-01,0.27899

